[
{
  "model": "admin.logentry",
  "pk": 1,
  "fields": {
    "action_time": "2026-02-07T09:47:47.437Z",
    "user": 1,
    "content_type": 15,
    "object_id": "1",
    "object_repr": "لباس مردانه",
    "action_flag": 1,
    "change_message": "[{\"added\": {}}]"
  }
},
{
  "model": "admin.logentry",
  "pk": 2,
  "fields": {
    "action_time": "2026-02-07T09:48:03.301Z",
    "user": 1,
    "content_type": 14,
    "object_id": "1",
    "object_repr": "amiri",
    "action_flag": 1,
    "change_message": "[{\"added\": {}}]"
  }
},
{
  "model": "admin.logentry",
  "pk": 3,
  "fields": {
    "action_time": "2026-02-07T09:50:10.355Z",
    "user": 1,
    "content_type": 16,
    "object_id": "1",
    "object_repr": "لباس امیری",
    "action_flag": 1,
    "change_message": "[{\"added\": {}}, {\"added\": {\"name\": \"\\u062a\\u0635\\u0648\\u06cc\\u0631 \\u0645\\u062d\\u0635\\u0648\\u0644\", \"object\": \"\\u0644\\u0628\\u0627\\u0633 \\u0627\\u0645\\u06cc\\u0631\\u06cc - \\u062a\\u0635\\u0648\\u06cc\\u0631 0\"}}, {\"added\": {\"name\": \"\\u062a\\u0635\\u0648\\u06cc\\u0631 \\u0645\\u062d\\u0635\\u0648\\u0644\", \"object\": \"\\u0644\\u0628\\u0627\\u0633 \\u0627\\u0645\\u06cc\\u0631\\u06cc - \\u062a\\u0635\\u0648\\u06cc\\u0631 0\"}}, {\"added\": {\"name\": \"\\u062a\\u0635\\u0648\\u06cc\\u0631 \\u0645\\u062d\\u0635\\u0648\\u0644\", \"object\": \"\\u0644\\u0628\\u0627\\u0633 \\u0627\\u0645\\u06cc\\u0631\\u06cc - \\u062a\\u0635\\u0648\\u06cc\\u0631 0\"}}, {\"added\": {\"name\": \"\\u0631\\u0646\\u06af \\u0645\\u062d\\u0635\\u0648\\u0644\", \"object\": \"\\u0644\\u0628\\u0627\\u0633 \\u0627\\u0645\\u06cc\\u0631\\u06cc - \\u0645\\u0634\\u06a9\\u06cc\"}}, {\"added\": {\"name\": \"\\u0633\\u0627\\u06cc\\u0632 \\u0645\\u062d\\u0635\\u0648\\u0644\", \"object\": \"\\u0644\\u0628\\u0627\\u0633 \\u0627\\u0645\\u06cc\\u0631\\u06cc - XXL\"}}]"
  }
},
{
  "model": "admin.logentry",
  "pk": 4,
  "fields": {
    "action_time": "2026-02-07T09:52:02.677Z",
    "user": 1,
    "content_type": 16,
    "object_id": "1",
    "object_repr": "لباس امیری",
    "action_flag": 2,
    "change_message": "[{\"changed\": {\"name\": \"\\u0631\\u0646\\u06af \\u0645\\u062d\\u0635\\u0648\\u0644\", \"object\": \"\\u0644\\u0628\\u0627\\u0633 \\u0627\\u0645\\u06cc\\u0631\\u06cc - \\u0645\\u0634\\u06a9\\u06cc\", \"fields\": [\"\\u06a9\\u062f \\u0631\\u0646\\u06af\"]}}]"
  }
},
{
  "model": "admin.logentry",
  "pk": 5,
  "fields": {
    "action_time": "2026-02-07T09:53:17.454Z",
    "user": 1,
    "content_type": 16,
    "object_id": "1",
    "object_repr": "لباس امیری",
    "action_flag": 2,
    "change_message": "[]"
  }
},
{
  "model": "admin.logentry",
  "pk": 6,
  "fields": {
    "action_time": "2026-02-07T09:53:52.995Z",
    "user": 1,
    "content_type": 19,
    "object_id": "1",
    "object_repr": "آریا عبدی - لباس امیری",
    "action_flag": 1,
    "change_message": "[{\"added\": {}}]"
  }
},
{
  "model": "admin.logentry",
  "pk": 7,
  "fields": {
    "action_time": "2026-02-07T14:40:17.359Z",
    "user": 1,
    "content_type": 16,
    "object_id": "1",
    "object_repr": "لباس امیری",
    "action_flag": 2,
    "change_message": "[{\"added\": {\"name\": \"\\u0633\\u0627\\u06cc\\u0632 \\u0645\\u062d\\u0635\\u0648\\u0644\", \"object\": \"\\u0644\\u0628\\u0627\\u0633 \\u0627\\u0645\\u06cc\\u0631\\u06cc - XL\"}}]"
  }
},
{
  "model": "admin.logentry",
  "pk": 8,
  "fields": {
    "action_time": "2026-02-07T14:54:05.994Z",
    "user": 1,
    "content_type": 15,
    "object_id": "2",
    "object_repr": "شلوار",
    "action_flag": 1,
    "change_message": "[{\"added\": {}}]"
  }
},
{
  "model": "admin.logentry",
  "pk": 9,
  "fields": {
    "action_time": "2026-02-07T14:54:28.852Z",
    "user": 1,
    "content_type": 14,
    "object_id": "2",
    "object_repr": "Fendi",
    "action_flag": 1,
    "change_message": "[{\"added\": {}}]"
  }
},
{
  "model": "admin.logentry",
  "pk": 10,
  "fields": {
    "action_time": "2026-02-07T14:56:29.148Z",
    "user": 1,
    "content_type": 16,
    "object_id": "2",
    "object_repr": "شلوار",
    "action_flag": 1,
    "change_message": "[{\"added\": {}}, {\"added\": {\"name\": \"\\u062a\\u0635\\u0648\\u06cc\\u0631 \\u0645\\u062d\\u0635\\u0648\\u0644\", \"object\": \"\\u0634\\u0644\\u0648\\u0627\\u0631 - \\u062a\\u0635\\u0648\\u06cc\\u0631 0\"}}, {\"added\": {\"name\": \"\\u062a\\u0635\\u0648\\u06cc\\u0631 \\u0645\\u062d\\u0635\\u0648\\u0644\", \"object\": \"\\u0634\\u0644\\u0648\\u0627\\u0631 - \\u062a\\u0635\\u0648\\u06cc\\u0631 0\"}}, {\"added\": {\"name\": \"\\u062a\\u0635\\u0648\\u06cc\\u0631 \\u0645\\u062d\\u0635\\u0648\\u0644\", \"object\": \"\\u0634\\u0644\\u0648\\u0627\\u0631 - \\u062a\\u0635\\u0648\\u06cc\\u0631 0\"}}, {\"added\": {\"name\": \"\\u062a\\u0635\\u0648\\u06cc\\u0631 \\u0645\\u062d\\u0635\\u0648\\u0644\", \"object\": \"\\u0634\\u0644\\u0648\\u0627\\u0631 - \\u062a\\u0635\\u0648\\u06cc\\u0631 0\"}}, {\"added\": {\"name\": \"\\u0631\\u0646\\u06af \\u0645\\u062d\\u0635\\u0648\\u0644\", \"object\": \"\\u0634\\u0644\\u0648\\u0627\\u0631 - \\u0633\\u0641\\u06cc\\u062f\"}}, {\"added\": {\"name\": \"\\u0633\\u0627\\u06cc\\u0632 \\u0645\\u062d\\u0635\\u0648\\u0644\", \"object\": \"\\u0634\\u0644\\u0648\\u0627\\u0631 - M\"}}, {\"added\": {\"name\": \"\\u0633\\u0627\\u06cc\\u0632 \\u0645\\u062d\\u0635\\u0648\\u0644\", \"object\": \"\\u0634\\u0644\\u0648\\u0627\\u0631 - XXL\"}}, {\"added\": {\"name\": \"\\u0633\\u0627\\u06cc\\u0632 \\u0645\\u062d\\u0635\\u0648\\u0644\", \"object\": \"\\u0634\\u0644\\u0648\\u0627\\u0631 - XS\"}}]"
  }
},
{
  "model": "admin.logentry",
  "pk": 11,
  "fields": {
    "action_time": "2026-02-07T14:57:20.825Z",
    "user": 1,
    "content_type": 15,
    "object_id": "2",
    "object_repr": "شلوار",
    "action_flag": 2,
    "change_message": "[{\"changed\": {\"fields\": [\"\\u0646\\u0627\\u0645\\u06a9\"]}}]"
  }
},
{
  "model": "admin.logentry",
  "pk": 12,
  "fields": {
    "action_time": "2026-02-07T14:57:24.192Z",
    "user": 1,
    "content_type": 16,
    "object_id": "2",
    "object_repr": "شلوار",
    "action_flag": 2,
    "change_message": "[{\"changed\": {\"fields\": [\"\\u0646\\u0627\\u0645\\u06a9\"]}}]"
  }
},
{
  "model": "admin.logentry",
  "pk": 13,
  "fields": {
    "action_time": "2026-02-07T15:06:11.007Z",
    "user": 1,
    "content_type": 15,
    "object_id": "3",
    "object_repr": "مردانه",
    "action_flag": 1,
    "change_message": "[{\"added\": {}}]"
  }
},
{
  "model": "admin.logentry",
  "pk": 14,
  "fields": {
    "action_time": "2026-02-07T15:06:26.990Z",
    "user": 1,
    "content_type": 15,
    "object_id": "4",
    "object_repr": "زنانع",
    "action_flag": 1,
    "change_message": "[{\"added\": {}}]"
  }
},
{
  "model": "admin.logentry",
  "pk": 15,
  "fields": {
    "action_time": "2026-02-07T20:10:43.096Z",
    "user": 1,
    "content_type": 8,
    "object_id": "3",
    "object_repr": "اطلاعات تماس - info@arioshop.com",
    "action_flag": 2,
    "change_message": "[{\"changed\": {\"fields\": [\"\\u06a9\\u062f iframe \\u0646\\u0642\\u0634\\u0647 \\u06af\\u0648\\u06af\\u0644\"]}}]"
  }
},
{
  "model": "admin.logentry",
  "pk": 16,
  "fields": {
    "action_time": "2026-02-08T11:16:39.737Z",
    "user": 1,
    "content_type": 19,
    "object_id": "185",
    "object_repr": "آریا عبدی کامنت - پیراهن مردانه آستین بلند زارا",
    "action_flag": 2,
    "change_message": "[{\"changed\": {\"fields\": [\"\\u062a\\u0627\\u06cc\\u06cc\\u062f \\u0634\\u062f\\u0647\"]}}]"
  }
},
{
  "model": "admin.logentry",
  "pk": 17,
  "fields": {
    "action_time": "2026-02-08T11:40:02.169Z",
    "user": 1,
    "content_type": 7,
    "object_id": "29",
    "object_repr": "خانه",
    "action_flag": 2,
    "change_message": "[{\"changed\": {\"fields\": [\"\\u0641\\u0639\\u0627\\u0644\"]}}]"
  }
},
{
  "model": "admin.logentry",
  "pk": 18,
  "fields": {
    "action_time": "2026-02-08T18:01:02.151Z",
    "user": 1,
    "content_type": 22,
    "object_id": "2",
    "object_repr": "ORD-20260208-1568 - آریا عبدی",
    "action_flag": 2,
    "change_message": "[{\"changed\": {\"fields\": [\"\\u0648\\u0636\\u0639\\u06cc\\u062a\"]}}]"
  }
},
{
  "model": "admin.logentry",
  "pk": 19,
  "fields": {
    "action_time": "2026-02-09T12:40:47.328Z",
    "user": 1,
    "content_type": 16,
    "object_id": "60",
    "object_repr": "شال گردن زنانه",
    "action_flag": 2,
    "change_message": "[{\"changed\": {\"fields\": [\"\\u0645\\u0648\\u062c\\u0648\\u062f\\u06cc \\u0627\\u0646\\u0628\\u0627\\u0631\"]}}]"
  }
},
{
  "model": "admin.logentry",
  "pk": 20,
  "fields": {
    "action_time": "2026-02-09T13:51:23.083Z",
    "user": 1,
    "content_type": 16,
    "object_id": "60",
    "object_repr": "شال گردن زنانه",
    "action_flag": 2,
    "change_message": "[{\"changed\": {\"fields\": [\"\\u0645\\u0648\\u062c\\u0648\\u062f \\u0627\\u0633\\u062a\", \"\\u0645\\u0648\\u062c\\u0648\\u062f\\u06cc \\u0627\\u0646\\u0628\\u0627\\u0631\"]}}]"
  }
},
{
  "model": "auth.user",
  "pk": 1,
  "fields": {
    "password": "pbkdf2_sha256$1200000$WqRJNrYH3J4zQQaV8qOkXk$V491f/KBXqG6ewJIz/pTvUJnpuB6jthmKWeLQyB5jj8=",
    "last_login": "2026-02-10T08:51:11.987Z",
    "is_superuser": true,
    "username": "Admin",
    "first_name": "",
    "last_name": "",
    "email": "Admin@gmail.com",
    "is_staff": true,
    "is_active": true,
    "date_joined": "2026-02-07T09:46:01.419Z",
    "groups": [],
    "user_permissions": []
  }
},
{
  "model": "auth.user",
  "pk": 2,
  "fields": {
    "password": "pbkdf2_sha256$1200000$T7v61YP2YQu185FOsBHnxj$tG6I3UkqtBcu1n5hkXnvrM94rTZgeAUAC6IqRBqMi9U=",
    "last_login": "2026-02-09T12:37:06.572Z",
    "is_superuser": false,
    "username": "aryaabdi13850325@gmail.com",
    "first_name": "",
    "last_name": "",
    "email": "aryaabdi13850325@gmail.com",
    "is_staff": false,
    "is_active": true,
    "date_joined": "2026-02-07T15:31:51.853Z",
    "groups": [],
    "user_permissions": []
  }
},
{
  "model": "sessions.session",
  "pk": "2303ncdw2g0luu0mbkesh0er3yskdq8y",
  "fields": {
    "session_data": "eyJjYXJ0Ijp7fX0:1vp7h9:Rctg5bs9Bu4Xt8-XuOimnTyw6oiZ6gBQwi1X7P_owVM",
    "expire_date": "2026-02-22T16:31:35.532Z"
  }
},
{
  "model": "sessions.session",
  "pk": "2cju16kql9bg7eg8zl3rh83b7jzvjecw",
  "fields": {
    "session_data": "eyJjYXJ0Ijp7fX0:1vpQLj:YHRPNFeIoVvNWk1ic7CucqU7WerbW94inP5ow8Xz-MI",
    "expire_date": "2026-02-23T12:26:43.336Z"
  }
},
{
  "model": "sessions.session",
  "pk": "2ptk758hs959m471ldq99nrp4mnxgokl",
  "fields": {
    "session_data": "eyJjYXJ0Ijp7fX0:1vpUxk:wYmksNCgBORI33WcWBwwisZHauNA0FdNTgukdyuCxyo",
    "expire_date": "2026-02-23T17:22:16.492Z"
  }
},
{
  "model": "sessions.session",
  "pk": "62r26m0yk6p10ieqlrobj44xxrwshctw",
  "fields": {
    "session_data": "eyJjYXJ0Ijp7fX0:1vp2Q0:FJoL2FReTnOwWW337EMD3WuH1tceLILKyCvyMfLlV2w",
    "expire_date": "2026-02-22T10:53:32.563Z"
  }
},
{
  "model": "sessions.session",
  "pk": "6lfnpvvekok1fckvegvkoyv6tuaf3t2h",
  "fields": {
    "session_data": "eyJjYXJ0Ijp7fX0:1vpPoc:YDDLsw4W6JqpXL0QEpDJ-Ah7qJiHGgOiBxX1_LH4sco",
    "expire_date": "2026-02-23T11:52:30.177Z"
  }
},
{
  "model": "sessions.session",
  "pk": "7og7jp7l94mpkooxstbhkqdy4p6hvf3w",
  "fields": {
    "session_data": "eyJjYXJ0Ijp7fX0:1vp7h8:qcc4FJGcqsZhIPyj3WXXnChRDN_zCDm2M3pa8xOTxQw",
    "expire_date": "2026-02-22T16:31:34.666Z"
  }
},
{
  "model": "sessions.session",
  "pk": "9uio8zktysxtt3fe29zyjqsxw89b9q78",
  "fields": {
    "session_data": "eyJjYXJ0Ijp7fX0:1vpPfM:czFzRWgg81U_FRBbEQ-JQjPRXPfBCPfcmn-XIAg38EY",
    "expire_date": "2026-02-23T11:42:56.991Z"
  }
},
{
  "model": "sessions.session",
  "pk": "b22fz7s0f824yw36mtmu53cxpb7ajyhv",
  "fields": {
    "session_data": ".eJxVjMsKwkAMAP8lZ1nIvsL26N1vKJtNYqvSQh8n8d-l0INeZ4Z5Q1_3bej3VZd-FOgA4fLLuLanToeQR53us2vztC0juyNxp13dbRZ9Xc_2bzDUdYAOmkhAn2LhgGaqzKV6zw1jSjkmUyIrGEoks-ApS6GAmdSEOFWP8PkC8Ek35Q:1vojTW:gl3DhlxNYqgysu3j0SgdoHZARt6pND1l7u93j0YmwdY",
    "expire_date": "2026-02-21T14:39:54.795Z"
  }
},
{
  "model": "sessions.session",
  "pk": "bc7yc1x3gsb9d5rts0y6t5a0nypf2raj",
  "fields": {
    "session_data": "eyJjYXJ0Ijp7fX0:1vp7ft:igoyEiLyt37rOQRndkkuglvb0RdL1HLH1ad_IoIoJt4",
    "expire_date": "2026-02-22T16:30:17.222Z"
  }
},
{
  "model": "sessions.session",
  "pk": "e5699qa4drle90ukk9gvqx6ql3zt8dn2",
  "fields": {
    "session_data": "eyJjYXJ0Ijp7fX0:1vp7h8:qcc4FJGcqsZhIPyj3WXXnChRDN_zCDm2M3pa8xOTxQw",
    "expire_date": "2026-02-22T16:31:34.260Z"
  }
},
{
  "model": "sessions.session",
  "pk": "f00luxlccf44fvko0rjq9mffoj29eit1",
  "fields": {
    "session_data": ".eJxVjDkKwzAQAP-ydTDospC7BFKGVKnFStrFJj5AR2X89xBw43aGmR0i5grDftzAY6ujb4WynxIMIODCAsYvrX9xj3Fray3-taU2U3ea0j0XnOZ3_hTKKy70OIvLZsQywgAxJSWk0S4owUwUgkMpQxTamF4bJmvZCeW0ZVbS9slZJXpLnGwwKAUcP-wiPbw:1vpjSh:r8nnn-vbQW-hMZABZaNskfLf7LZxJZzbHX-dIWuJIOQ",
    "expire_date": "2026-02-24T08:51:11.994Z"
  }
},
{
  "model": "sessions.session",
  "pk": "k2zsqpj423mk5faf81lmr12qkddaehcb",
  "fields": {
    "session_data": ".eJxVjjsKwzAQBe-ydTDRd5HKQOpUqc1K2sUmsQOSXRnfPRhcJO28eTAb9LQuQ782rv1YIIKCyy9LlF88HwPl_FnnpXUnat19ovH9qM_GdaaJb6f69x-oDRAhl2KUdjYko0SYUwqkdcrKOuetE0aUoEywKGI0-hLQKI8sBZMjfURlqgvEDfwVot73L2ypPC0:1vpQaa:GpYmeEFs9-KVj5W4DTC3InwEML4ipPr3xAe1-vo26pI",
    "expire_date": "2026-02-23T12:42:04.053Z"
  }
},
{
  "model": "sessions.session",
  "pk": "l9vvl9jt4z8bce8n0vfpl6g0utvbn6ur",
  "fields": {
    "session_data": "eyJjYXJ0Ijp7fX0:1vp7gm:W2n9T3bfj-sJpv5FjAfGag4gCSJ_9Eagfr6nGCoLyTk",
    "expire_date": "2026-02-22T16:31:12.586Z"
  }
},
{
  "model": "sessions.session",
  "pk": "lm2mfob143xbbh28mr8xsvo2ddpalq49",
  "fields": {
    "session_data": "eyJjYXJ0Ijp7fX0:1vpUy5:xuJMwFUVvRDMPrCGUwKYmtHQG-zaejM6gu04VcPZUBg",
    "expire_date": "2026-02-23T17:22:37.162Z"
  }
},
{
  "model": "sessions.session",
  "pk": "mua3turr9tczcydkh743owskj90tfpeq",
  "fields": {
    "session_data": "eyJjYXJ0Ijp7fX0:1vp7h9:Rctg5bs9Bu4Xt8-XuOimnTyw6oiZ6gBQwi1X7P_owVM",
    "expire_date": "2026-02-22T16:31:35.093Z"
  }
},
{
  "model": "sessions.session",
  "pk": "npmjs7xg8g11zrbpozhq57zgroc1s85y",
  "fields": {
    "session_data": "eyJjYXJ0Ijp7fX0:1vp7jH:GDlLyn8GPqlswLdjhlh_IVCurUjOt-fAQeA9HiVqhsY",
    "expire_date": "2026-02-22T16:33:47.143Z"
  }
},
{
  "model": "sessions.session",
  "pk": "q014yfxmskxw8o45y4mof7t8k4x71k22",
  "fields": {
    "session_data": ".eJxVjjsKwzAQBe-ydTDo50UqA6lTuTYraReZxA5IdmV892BwkbTz5sHsMNK2lnFrXMcpQwAFt18WKb14OQdK6bMta-su1LrHTNP7WYfGdaGZ75f69y_UCgRIORulnfXRKBHmGD1pHZOyzvXWCSOKV8ZbFDEa--zRqB5ZMkZH-oxKVFcI-3F8AQoaOxc:1vpRfm:5Bwe2ebNALZFP2zUaayZIjI727HnqHKUYISpVnZKdBw",
    "expire_date": "2026-02-23T13:51:30.282Z"
  }
},
{
  "model": "sessions.session",
  "pk": "r0us2vtzp4f1jhdjw5nswphmsbtmc7lm",
  "fields": {
    "session_data": "eyJjYXJ0Ijp7fX0:1vp7gF:5EalRUyGbtJXaaSbZnFdvG2zQpr1YUkHxscnyjZiAj8",
    "expire_date": "2026-02-22T16:30:39.478Z"
  }
},
{
  "model": "sessions.session",
  "pk": "r6z4gtxs9fzx54abzacda1w2cxow2poy",
  "fields": {
    "session_data": "eyJjYXJ0Ijp7fX0:1vp7kT:iiXGoDMOUkbTh0iSaZGtr4-v6H1v-ISbyzRhfMF_uZc",
    "expire_date": "2026-02-22T16:35:01.816Z"
  }
},
{
  "model": "sessions.session",
  "pk": "xedc8lx5stacynfyw07qma0b4qjb7s0l",
  "fields": {
    "session_data": "eyJjYXJ0Ijp7fX0:1vpUyR:LpkIpGCmEDkpqT49YHbu3IHxo0tJ0CNvP550wVuRR4s",
    "expire_date": "2026-02-23T17:22:59.156Z"
  }
},
{
  "model": "sessions.session",
  "pk": "z5mtx986wmdk7uwqco0f5s2s2gh5e3my",
  "fields": {
    "session_data": "e30:1vokHo:bAgbw2Q7HosCs0C5PT1ysY7QoSKWiotrlTvTBCGdEWU",
    "expire_date": "2026-02-21T15:31:52.432Z"
  }
},
{
  "model": "Menu_Module.menuitem",
  "pk": 29,
  "fields": {
    "title": "خانه",
    "url": "/",
    "parent": null,
    "order": 1,
    "is_active": false,
    "menu_type": "main",
    "created_at": "2026-02-07T20:03:49.305Z",
    "updated_at": "2026-02-08T11:40:02.166Z"
  }
},
{
  "model": "Menu_Module.menuitem",
  "pk": 30,
  "fields": {
    "title": "محصولات",
    "url": "/products/",
    "parent": null,
    "order": 2,
    "is_active": true,
    "menu_type": "main",
    "created_at": "2026-02-07T20:03:49.311Z",
    "updated_at": "2026-02-07T20:03:49.311Z"
  }
},
{
  "model": "Menu_Module.menuitem",
  "pk": 31,
  "fields": {
    "title": "درباره ما",
    "url": "/about/",
    "parent": null,
    "order": 3,
    "is_active": true,
    "menu_type": "main",
    "created_at": "2026-02-07T20:03:49.315Z",
    "updated_at": "2026-02-07T20:03:49.315Z"
  }
},
{
  "model": "Menu_Module.menuitem",
  "pk": 32,
  "fields": {
    "title": "تماس با ما",
    "url": "/contact/",
    "parent": null,
    "order": 4,
    "is_active": true,
    "menu_type": "main",
    "created_at": "2026-02-07T20:03:49.318Z",
    "updated_at": "2026-02-07T20:03:49.318Z"
  }
},
{
  "model": "Menu_Module.menuitem",
  "pk": 33,
  "fields": {
    "title": "لباس زنانه",
    "url": "/products/category/womens-clothing/",
    "parent": 30,
    "order": 1,
    "is_active": true,
    "menu_type": "main",
    "created_at": "2026-02-07T20:03:49.321Z",
    "updated_at": "2026-02-07T20:03:49.321Z"
  }
},
{
  "model": "Menu_Module.menuitem",
  "pk": 34,
  "fields": {
    "title": "لباس مردانه",
    "url": "/products/category/mens-clothing/",
    "parent": 30,
    "order": 2,
    "is_active": true,
    "menu_type": "main",
    "created_at": "2026-02-07T20:03:49.328Z",
    "updated_at": "2026-02-07T20:03:49.328Z"
  }
},
{
  "model": "Menu_Module.menuitem",
  "pk": 35,
  "fields": {
    "title": "کفش",
    "url": "/products/category/shoes/",
    "parent": 30,
    "order": 3,
    "is_active": true,
    "menu_type": "main",
    "created_at": "2026-02-07T20:03:49.331Z",
    "updated_at": "2026-02-07T20:03:49.331Z"
  }
},
{
  "model": "Menu_Module.menuitem",
  "pk": 36,
  "fields": {
    "title": "لوازم جانبی",
    "url": "/products/category/accessories/",
    "parent": 30,
    "order": 4,
    "is_active": true,
    "menu_type": "main",
    "created_at": "2026-02-07T20:03:49.334Z",
    "updated_at": "2026-02-07T20:03:49.334Z"
  }
},
{
  "model": "Menu_Module.menuitem",
  "pk": 37,
  "fields": {
    "title": "حساب کاربری",
    "url": "/accounts/login/",
    "parent": null,
    "order": 1,
    "is_active": true,
    "menu_type": "footer",
    "created_at": "2026-02-07T20:03:49.338Z",
    "updated_at": "2026-02-07T20:03:49.338Z"
  }
},
{
  "model": "Menu_Module.menuitem",
  "pk": 38,
  "fields": {
    "title": "سبد خرید",
    "url": "/cart/",
    "parent": null,
    "order": 2,
    "is_active": true,
    "menu_type": "footer",
    "created_at": "2026-02-07T20:03:49.344Z",
    "updated_at": "2026-02-07T20:03:49.344Z"
  }
},
{
  "model": "Menu_Module.menuitem",
  "pk": 39,
  "fields": {
    "title": "لیست علاقه‌مندی",
    "url": "/wishlist/",
    "parent": null,
    "order": 3,
    "is_active": true,
    "menu_type": "footer",
    "created_at": "2026-02-07T20:03:49.348Z",
    "updated_at": "2026-02-07T20:03:49.348Z"
  }
},
{
  "model": "Menu_Module.menuitem",
  "pk": 40,
  "fields": {
    "title": "پیگیری سفارش",
    "url": "/orders/",
    "parent": null,
    "order": 4,
    "is_active": true,
    "menu_type": "footer",
    "created_at": "2026-02-07T20:03:49.351Z",
    "updated_at": "2026-02-07T20:03:49.351Z"
  }
},
{
  "model": "Menu_Module.menuitem",
  "pk": 41,
  "fields": {
    "title": "قوانین و مقررات",
    "url": "/terms/",
    "parent": null,
    "order": 5,
    "is_active": true,
    "menu_type": "footer",
    "created_at": "2026-02-07T20:03:49.354Z",
    "updated_at": "2026-02-07T20:03:49.354Z"
  }
},
{
  "model": "Menu_Module.menuitem",
  "pk": 42,
  "fields": {
    "title": "حریم خصوصی",
    "url": "/privacy/",
    "parent": null,
    "order": 6,
    "is_active": true,
    "menu_type": "footer",
    "created_at": "2026-02-07T20:03:49.358Z",
    "updated_at": "2026-02-07T20:03:49.358Z"
  }
},
{
  "model": "Contact_Module.contactinfo",
  "pk": 3,
  "fields": {
    "office_address": "تهران، خیابان ولیعصر، پلاک 123، طبقه 4",
    "email": "info@arioshop.com",
    "phone1": "021-12345678",
    "phone2": "021-87654321",
    "map_embed": "<iframe src=\"https://www.google.com/maps/embed?pb=!1m18!1m12!1m3!1d3239.9999999999995!2d51.42!3d35.7!2m3!1f0!2f0!3f0!3m2!1i1024!2i768!4f13.1!3m3!1m2!1s0x0%3A0x0!2zMzXCsDQyJzAwLjAiTiA1McKwMjUnMTIuMCJF!5e0!3m2!1sen!2s!4v1234567890123!5m2!1sen!2s\" width=\"100%\" height=\"450\" style=\"border:0;\" allowfullscreen=\"\" loading=\"lazy\"></iframe>",
    "facebook_url": "https://facebook.com/arioshop",
    "twitter_url": "https://twitter.com/arioshop",
    "instagram_url": "https://instagram.com/arioshop",
    "youtube_url": null,
    "pinterest_url": null,
    "is_active": true,
    "created_at": "2026-02-07T20:03:49.364Z",
    "updated_at": "2026-02-07T20:10:43.094Z"
  }
},
{
  "model": "AboutUs_Module.aboutpage",
  "pk": 1,
  "fields": {
    "vision_title": "دید ما",
    "vision_description": "ما در آریو شاپ تلاش می‌کنیم تا بهترین تجربه خرید آنلاین را برای شما فراهم کنیم. هدف ما ارائه محصولات با کیفیت و خدمات عالی است.",
    "mission_title": "ماموریت ما",
    "mission_description": "ماموریت ما ایجاد یک پلتفرم خرید آنلاین قابل اعتماد و راحت است که نیازهای مشتریان را برآورده کند.",
    "who_we_are_title": "ما چه کسانی هستیم",
    "who_we_are_subtitle": "فروشگاه آنلاین آریو شاپ",
    "who_we_are_description": "آریو شاپ یک فروشگاه آنلاین معتبر است که از سال 1400 فعالیت خود را آغاز کرده است. ما با ارائه محصولات اصل و با کیفیت، اعتماد هزاران مشتری را جلب کرده‌ایم.",
    "who_we_are_image_front": "",
    "who_we_are_image_back": "",
    "brands_title": "برند های معروفی که با ما در حال همکاری هستند",
    "brands_description": "ما افتخار همکاری با بهترین برندهای جهانی را داریم.",
    "team_title": "آشنایی با تیم ما",
    "testimonials_title": "نظرات مشتری های فروشگاه"
  }
},
{
  "model": "AboutUs_Module.brand",
  "pk": 9,
  "fields": {
    "name": "نایک",
    "logo": "",
    "website": "https://nike.com",
    "order": 1,
    "is_active": true
  }
},
{
  "model": "AboutUs_Module.brand",
  "pk": 10,
  "fields": {
    "name": "آدیداس",
    "logo": "",
    "website": "https://adidas.com",
    "order": 2,
    "is_active": true
  }
},
{
  "model": "AboutUs_Module.brand",
  "pk": 11,
  "fields": {
    "name": "پوما",
    "logo": "",
    "website": "https://puma.com",
    "order": 3,
    "is_active": true
  }
},
{
  "model": "AboutUs_Module.brand",
  "pk": 12,
  "fields": {
    "name": "زارا",
    "logo": "",
    "website": "https://zara.com",
    "order": 4,
    "is_active": true
  }
},
{
  "model": "AboutUs_Module.teammember",
  "pk": 7,
  "fields": {
    "name": "محمد رضایی",
    "position": "مدیر عامل",
    "photo": "",
    "bio": "مدیر عامل با 10 سال تجربه در حوزه تجارت الکترونیک",
    "facebook_url": "",
    "twitter_url": "",
    "instagram_url": "https://instagram.com/mohammad",
    "order": 1,
    "is_active": true
  }
},
{
  "model": "AboutUs_Module.teammember",
  "pk": 8,
  "fields": {
    "name": "فاطمه احمدی",
    "position": "مدیر فروش",
    "photo": "",
    "bio": "مدیر فروش با تجربه و متخصص در بازاریابی دیجیتال",
    "facebook_url": "",
    "twitter_url": "",
    "instagram_url": "https://instagram.com/fatemeh",
    "order": 2,
    "is_active": true
  }
},
{
  "model": "AboutUs_Module.teammember",
  "pk": 9,
  "fields": {
    "name": "علی کریمی",
    "position": "مدیر فنی",
    "photo": "",
    "bio": "توسعه دهنده وب با تخصص در Django و React",
    "facebook_url": "",
    "twitter_url": "",
    "instagram_url": "https://instagram.com/ali",
    "order": 3,
    "is_active": true
  }
},
{
  "model": "AboutUs_Module.testimonial",
  "pk": 7,
  "fields": {
    "customer_name": "سارا محمدی",
    "customer_role": "مشتری",
    "photo": "",
    "review": "تجربه خرید من از آریو شاپ فوق العاده بود. محصولات با کیفیت و ارسال سریع.",
    "order": 1,
    "is_active": true,
    "created_at": "2026-02-07T20:03:49.401Z"
  }
},
{
  "model": "AboutUs_Module.testimonial",
  "pk": 8,
  "fields": {
    "customer_name": "رضا احمدی",
    "customer_role": "مشتری",
    "photo": "",
    "review": "پشتیبانی عالی و قیمت‌های مناسب. حتما دوباره خرید می‌کنم.",
    "order": 2,
    "is_active": true,
    "created_at": "2026-02-07T20:03:49.405Z"
  }
},
{
  "model": "AboutUs_Module.testimonial",
  "pk": 9,
  "fields": {
    "customer_name": "مریم کریمی",
    "customer_role": "مشتری",
    "photo": "",
    "review": "بهترین فروشگاه آنلاین که تا حالا ازش خرید کردم. ممنون از تیم آریو شاپ.",
    "order": 3,
    "is_active": true,
    "created_at": "2026-02-07T20:03:49.411Z"
  }
},
{
  "model": "Products_Module.category",
  "pk": 29,
  "fields": {
    "name": "لباس زنانه",
    "slug": "womens-clothing",
    "image": "",
    "parent": null,
    "is_active": true,
    "created_at": "2026-02-07T20:03:48.264Z",
    "updated_at": "2026-02-07T20:03:48.264Z"
  }
},
{
  "model": "Products_Module.category",
  "pk": 30,
  "fields": {
    "name": "لباس مردانه",
    "slug": "mens-clothing",
    "image": "",
    "parent": null,
    "is_active": true,
    "created_at": "2026-02-07T20:03:48.268Z",
    "updated_at": "2026-02-07T20:03:48.268Z"
  }
},
{
  "model": "Products_Module.category",
  "pk": 31,
  "fields": {
    "name": "کفش",
    "slug": "shoes",
    "image": "",
    "parent": null,
    "is_active": true,
    "created_at": "2026-02-07T20:03:48.271Z",
    "updated_at": "2026-02-07T20:03:48.271Z"
  }
},
{
  "model": "Products_Module.category",
  "pk": 32,
  "fields": {
    "name": "لوازم جانبی",
    "slug": "accessories",
    "image": "",
    "parent": null,
    "is_active": true,
    "created_at": "2026-02-07T20:03:48.275Z",
    "updated_at": "2026-02-07T20:03:48.275Z"
  }
},
{
  "model": "Products_Module.category",
  "pk": 33,
  "fields": {
    "name": "کیف و کوله",
    "slug": "bags",
    "image": "",
    "parent": null,
    "is_active": true,
    "created_at": "2026-02-07T20:03:48.281Z",
    "updated_at": "2026-02-07T20:03:48.281Z"
  }
},
{
  "model": "Products_Module.category",
  "pk": 34,
  "fields": {
    "name": "ساعت",
    "slug": "watches",
    "image": "",
    "parent": null,
    "is_active": true,
    "created_at": "2026-02-07T20:03:48.285Z",
    "updated_at": "2026-02-07T20:03:48.286Z"
  }
},
{
  "model": "Products_Module.category",
  "pk": 35,
  "fields": {
    "name": "عینک",
    "slug": "sunglasses",
    "image": "",
    "parent": null,
    "is_active": true,
    "created_at": "2026-02-07T20:03:48.289Z",
    "updated_at": "2026-02-07T20:03:48.289Z"
  }
},
{
  "model": "Products_Module.category",
  "pk": 36,
  "fields": {
    "name": "جواهرات",
    "slug": "jewelry",
    "image": "",
    "parent": null,
    "is_active": true,
    "created_at": "2026-02-07T20:03:48.292Z",
    "updated_at": "2026-02-07T20:03:48.292Z"
  }
},
{
  "model": "Products_Module.category",
  "pk": 37,
  "fields": {
    "name": "پیراهن زنانه",
    "slug": "womens-shirts",
    "image": "",
    "parent": 29,
    "is_active": true,
    "created_at": "2026-02-07T20:03:48.298Z",
    "updated_at": "2026-02-07T20:03:48.298Z"
  }
},
{
  "model": "Products_Module.category",
  "pk": 38,
  "fields": {
    "name": "شلوار زنانه",
    "slug": "womens-pants",
    "image": "",
    "parent": 29,
    "is_active": true,
    "created_at": "2026-02-07T20:03:48.302Z",
    "updated_at": "2026-02-07T20:03:48.302Z"
  }
},
{
  "model": "Products_Module.category",
  "pk": 39,
  "fields": {
    "name": "پیراهن مردانه",
    "slug": "mens-shirts",
    "image": "",
    "parent": 30,
    "is_active": true,
    "created_at": "2026-02-07T20:03:48.305Z",
    "updated_at": "2026-02-07T20:03:48.305Z"
  }
},
{
  "model": "Products_Module.category",
  "pk": 40,
  "fields": {
    "name": "شلوار مردانه",
    "slug": "mens-pants",
    "image": "",
    "parent": 30,
    "is_active": true,
    "created_at": "2026-02-07T20:03:48.311Z",
    "updated_at": "2026-02-07T20:03:48.311Z"
  }
},
{
  "model": "Products_Module.brand",
  "pk": 19,
  "fields": {
    "name": "نایک",
    "slug": "nike",
    "logo": "",
    "is_active": true,
    "created_at": "2026-02-07T20:03:48.317Z"
  }
},
{
  "model": "Products_Module.brand",
  "pk": 20,
  "fields": {
    "name": "آدیداس",
    "slug": "adidas",
    "logo": "",
    "is_active": true,
    "created_at": "2026-02-07T20:03:48.321Z"
  }
},
{
  "model": "Products_Module.brand",
  "pk": 21,
  "fields": {
    "name": "پوما",
    "slug": "puma",
    "logo": "",
    "is_active": true,
    "created_at": "2026-02-07T20:03:48.324Z"
  }
},
{
  "model": "Products_Module.brand",
  "pk": 22,
  "fields": {
    "name": "زارا",
    "slug": "zara",
    "logo": "",
    "is_active": true,
    "created_at": "2026-02-07T20:03:48.330Z"
  }
},
{
  "model": "Products_Module.brand",
  "pk": 23,
  "fields": {
    "name": "اچ اند ام",
    "slug": "h-and-m",
    "logo": "",
    "is_active": true,
    "created_at": "2026-02-07T20:03:48.333Z"
  }
},
{
  "model": "Products_Module.brand",
  "pk": 24,
  "fields": {
    "name": "گوچی",
    "slug": "gucci",
    "logo": "",
    "is_active": true,
    "created_at": "2026-02-07T20:03:48.336Z"
  }
},
{
  "model": "Products_Module.brand",
  "pk": 25,
  "fields": {
    "name": "لویی ویتون",
    "slug": "louis-vuitton",
    "logo": "",
    "is_active": true,
    "created_at": "2026-02-07T20:03:48.339Z"
  }
},
{
  "model": "Products_Module.brand",
  "pk": 26,
  "fields": {
    "name": "پرادا",
    "slug": "prada",
    "logo": "",
    "is_active": true,
    "created_at": "2026-02-07T20:03:48.344Z"
  }
},
{
  "model": "Products_Module.product",
  "pk": 37,
  "fields": {
    "name": "تی شرت مردانه نایک اسپرت",
    "slug": "nike-mens-tshirt-sport",
    "category": 39,
    "brand": 19,
    "description": "تی شرت ورزشی مردانه با کیفیت عالی و جنس نخ پنبه",
    "full_description": "این تی شرت با استفاده از بهترین مواد اولیه و با طراحی مدرن تولید شده است. مناسب برای ورزش و استفاده روزمره. دارای تکنولوژی Dri-FIT برای جذب عرق.",
    "additional_info": "",
    "shipping_info": "ارسال رایگان برای سفارشات بالای 50 هزار تومان",
    "price": "450000",
    "old_price": "600000",
    "stock": 50,
    "is_available": true,
    "is_active": true,
    "label": "sale",
    "views_count": 14,
    "created_at": "2026-02-07T20:03:48.350Z",
    "updated_at": "2026-02-07T20:03:48.350Z"
  }
},
{
  "model": "Products_Module.product",
  "pk": 38,
  "fields": {
    "name": "پیراهن مردانه آستین بلند زارا",
    "slug": "zara-mens-long-sleeve-shirt",
    "category": 39,
    "brand": 22,
    "description": "پیراهن رسمی مردانه با پارچه مرغوب",
    "full_description": "پیراهن آستین بلند با طراحی کلاسیک و مدرن، مناسب برای محیط کار و مهمانی‌های رسمی.",
    "additional_info": "",
    "shipping_info": "ارسال رایگان برای سفارشات بالای 50 هزار تومان",
    "price": "780000",
    "old_price": "950000",
    "stock": 35,
    "is_available": true,
    "is_active": true,
    "label": "new",
    "views_count": 16,
    "created_at": "2026-02-07T20:03:48.353Z",
    "updated_at": "2026-02-07T20:03:48.353Z"
  }
},
{
  "model": "Products_Module.product",
  "pk": 39,
  "fields": {
    "name": "شلوار جین مردانه آبی تیره",
    "slug": "mens-dark-blue-jeans",
    "category": 40,
    "brand": 22,
    "description": "شلوار جین با جنس عالی و دوخت مرغوب",
    "full_description": "شلوار جین مردانه با طراحی مدرن و جنس بادوام، مناسب برای استفاده روزمره. دارای برش Slim Fit.",
    "additional_info": "",
    "shipping_info": "ارسال رایگان برای سفارشات بالای 50 هزار تومان",
    "price": "850000",
    "old_price": null,
    "stock": 40,
    "is_available": true,
    "is_active": true,
    "label": "hot",
    "views_count": 11,
    "created_at": "2026-02-07T20:03:48.356Z",
    "updated_at": "2026-02-07T20:03:48.356Z"
  }
},
{
  "model": "Products_Module.product",
  "pk": 40,
  "fields": {
    "name": "شلوار ورزشی پوما مشکی",
    "slug": "puma-black-sports-pants",
    "category": 40,
    "brand": 21,
    "description": "شلوار ورزشی با جنس نخ پنبه و پلی استر",
    "full_description": "شلوار ورزشی راحت و قابل شستشو، مناسب برای ورزش و استفاده روزمره. دارای جیب‌های زیپ دار.",
    "additional_info": "",
    "shipping_info": "ارسال رایگان برای سفارشات بالای 50 هزار تومان",
    "price": "650000",
    "old_price": "800000",
    "stock": 45,
    "is_available": true,
    "is_active": true,
    "label": "sale",
    "views_count": 0,
    "created_at": "2026-02-07T20:03:48.361Z",
    "updated_at": "2026-02-07T20:03:48.361Z"
  }
},
{
  "model": "Products_Module.product",
  "pk": 41,
  "fields": {
    "name": "پیراهن زنانه گلدار بهاری",
    "slug": "womens-spring-floral-shirt",
    "category": 37,
    "brand": 23,
    "description": "پیراهن زنانه با طرح گل‌های زیبا",
    "full_description": "پیراهن زنانه با پارچه نرم و راحت، مناسب برای فصل بهار و تابستان. طرح گل‌های رنگارنگ.",
    "additional_info": "",
    "shipping_info": "ارسال رایگان برای سفارشات بالای 50 هزار تومان",
    "price": "550000",
    "old_price": "700000",
    "stock": 25,
    "is_available": true,
    "is_active": true,
    "label": "sale",
    "views_count": 0,
    "created_at": "2026-02-07T20:03:48.367Z",
    "updated_at": "2026-02-07T20:03:48.367Z"
  }
},
{
  "model": "Products_Module.product",
  "pk": 42,
  "fields": {
    "name": "بلوز زنانه یقه گرد",
    "slug": "womens-round-neck-blouse",
    "category": 37,
    "brand": 22,
    "description": "بلوز زنانه شیک و راحت",
    "full_description": "بلوز زنانه با طراحی ساده و شیک، مناسب برای استفاده روزمره و محیط کار.",
    "additional_info": "",
    "shipping_info": "ارسال رایگان برای سفارشات بالای 50 هزار تومان",
    "price": "620000",
    "old_price": null,
    "stock": 30,
    "is_available": true,
    "is_active": true,
    "label": "new",
    "views_count": 0,
    "created_at": "2026-02-07T20:03:48.371Z",
    "updated_at": "2026-02-07T20:03:48.371Z"
  }
},
{
  "model": "Products_Module.product",
  "pk": 43,
  "fields": {
    "name": "شلوار جین زنانه آبی روشن",
    "slug": "womens-light-blue-jeans",
    "category": 38,
    "brand": 23,
    "description": "شلوار جین زنانه با برش مدرن",
    "full_description": "شلوار جین زنانه با رنگ آبی روشن و برش Skinny Fit، مناسب برای استفاده روزمره.",
    "additional_info": "",
    "shipping_info": "ارسال رایگان برای سفارشات بالای 50 هزار تومان",
    "price": "720000",
    "old_price": "900000",
    "stock": 28,
    "is_available": true,
    "is_active": true,
    "label": "sale",
    "views_count": 0,
    "created_at": "2026-02-07T20:03:48.374Z",
    "updated_at": "2026-02-07T20:03:48.374Z"
  }
},
{
  "model": "Products_Module.product",
  "pk": 44,
  "fields": {
    "name": "شلوار پارچه ای زنانه مشکی",
    "slug": "womens-black-fabric-pants",
    "category": 38,
    "brand": 22,
    "description": "شلوار پارچه ای رسمی زنانه",
    "full_description": "شلوار پارچه ای با طراحی رسمی و راحت، مناسب برای محیط کار.",
    "additional_info": "",
    "shipping_info": "ارسال رایگان برای سفارشات بالای 50 هزار تومان",
    "price": "680000",
    "old_price": null,
    "stock": 32,
    "is_available": true,
    "is_active": true,
    "label": "new",
    "views_count": 2,
    "created_at": "2026-02-07T20:03:48.380Z",
    "updated_at": "2026-02-07T20:03:48.380Z"
  }
},
{
  "model": "Products_Module.product",
  "pk": 45,
  "fields": {
    "name": "کفش ورزشی آدیداس اولترا بوست",
    "slug": "adidas-ultraboost-shoes",
    "category": 31,
    "brand": 20,
    "description": "کفش ورزشی با زیره فوق العاده راحت و طراحی زیبا",
    "full_description": "کفش ورزشی آدیداس با تکنولوژی Boost، مناسب برای دویدن و پیاده روی طولانی مدت. زیره فوق العاده راحت.",
    "additional_info": "",
    "shipping_info": "ارسال رایگان برای سفارشات بالای 50 هزار تومان",
    "price": "2500000",
    "old_price": "3000000",
    "stock": 30,
    "is_available": true,
    "is_active": true,
    "label": "hot",
    "views_count": 5,
    "created_at": "2026-02-07T20:03:48.385Z",
    "updated_at": "2026-02-07T20:03:48.385Z"
  }
},
{
  "model": "Products_Module.product",
  "pk": 46,
  "fields": {
    "name": "کفش کتانی نایک ایر مکس",
    "slug": "nike-air-max-sneakers",
    "category": 31,
    "brand": 19,
    "description": "کفش کتانی با طراحی کلاسیک",
    "full_description": "کفش کتانی نایک با تکنولوژی Air Max، راحتی و سبکی بی‌نظیر برای استفاده روزمره.",
    "additional_info": "",
    "shipping_info": "ارسال رایگان برای سفارشات بالای 50 هزار تومان",
    "price": "2800000",
    "old_price": "3500000",
    "stock": 25,
    "is_available": true,
    "is_active": true,
    "label": "sale",
    "views_count": 0,
    "created_at": "2026-02-07T20:03:48.388Z",
    "updated_at": "2026-02-07T20:03:48.388Z"
  }
},
{
  "model": "Products_Module.product",
  "pk": 47,
  "fields": {
    "name": "کفش رسمی مردانه چرم",
    "slug": "mens-formal-leather-shoes",
    "category": 31,
    "brand": 26,
    "description": "کفش رسمی چرم طبیعی",
    "full_description": "کفش رسمی مردانه با چرم طبیعی و دوخت دستی، مناسب برای مهمانی‌ها و محیط کار.",
    "additional_info": "",
    "shipping_info": "ارسال رایگان برای سفارشات بالای 50 هزار تومان",
    "price": "3200000",
    "old_price": null,
    "stock": 18,
    "is_available": true,
    "is_active": true,
    "label": "top",
    "views_count": 0,
    "created_at": "2026-02-07T20:03:48.392Z",
    "updated_at": "2026-02-07T20:03:48.392Z"
  }
},
{
  "model": "Products_Module.product",
  "pk": 48,
  "fields": {
    "name": "کیف دستی چرم لوکس",
    "slug": "luxury-leather-handbag",
    "category": 33,
    "brand": 24,
    "description": "کیف دستی چرم طبیعی با کیفیت بالا",
    "full_description": "کیف دستی لوکس با چرم طبیعی و دوخت دستی، مناسب برای مهمانی‌ها و رویدادهای رسمی. دارای جیب‌های داخلی متعدد.",
    "additional_info": "",
    "shipping_info": "ارسال رایگان برای سفارشات بالای 50 هزار تومان",
    "price": "5500000",
    "old_price": null,
    "stock": 10,
    "is_available": true,
    "is_active": true,
    "label": "top",
    "views_count": 0,
    "created_at": "2026-02-07T20:03:48.398Z",
    "updated_at": "2026-02-07T20:03:48.398Z"
  }
},
{
  "model": "Products_Module.product",
  "pk": 49,
  "fields": {
    "name": "کوله پشتی ورزشی نایک",
    "slug": "nike-sports-backpack",
    "category": 33,
    "brand": 19,
    "description": "کوله پشتی با ظرفیت بالا و جیب‌های متعدد",
    "full_description": "کوله پشتی ورزشی با طراحی ارگونومیک و مناسب برای حمل لپ تاپ. دارای جیب مخصوص بطری آب.",
    "additional_info": "",
    "shipping_info": "ارسال رایگان برای سفارشات بالای 50 هزار تومان",
    "price": "950000",
    "old_price": null,
    "stock": 35,
    "is_available": true,
    "is_active": true,
    "label": "new",
    "views_count": 0,
    "created_at": "2026-02-07T20:03:48.402Z",
    "updated_at": "2026-02-07T20:03:48.402Z"
  }
},
{
  "model": "Products_Module.product",
  "pk": 50,
  "fields": {
    "name": "کیف دوشی زنانه",
    "slug": "womens-shoulder-bag",
    "category": 33,
    "brand": 25,
    "description": "کیف دوشی شیک و کاربردی",
    "full_description": "کیف دوشی زنانه با طراحی مدرن و جنس چرم مصنوعی با کیفیت، مناسب برای استفاده روزمره.",
    "additional_info": "",
    "shipping_info": "ارسال رایگان برای سفارشات بالای 50 هزار تومان",
    "price": "4200000",
    "old_price": "5000000",
    "stock": 15,
    "is_available": true,
    "is_active": true,
    "label": "sale",
    "views_count": 1,
    "created_at": "2026-02-07T20:03:48.405Z",
    "updated_at": "2026-02-07T20:03:48.405Z"
  }
},
{
  "model": "Products_Module.product",
  "pk": 51,
  "fields": {
    "name": "ساعت مچی مردانه اسپرت",
    "slug": "mens-sport-wristwatch",
    "category": 34,
    "brand": 26,
    "description": "ساعت مچی با بدنه استیل و صفحه مشکی",
    "full_description": "ساعت مچی اسپرت با موتور ژاپنی و ضد آب تا عمق 50 متر. دارای تقویم و کرونومتر.",
    "additional_info": "",
    "shipping_info": "ارسال رایگان برای سفارشات بالای 50 هزار تومان",
    "price": "3200000",
    "old_price": "4000000",
    "stock": 15,
    "is_available": true,
    "is_active": true,
    "label": "sale",
    "views_count": 0,
    "created_at": "2026-02-07T20:03:48.407Z",
    "updated_at": "2026-02-07T20:03:48.407Z"
  }
},
{
  "model": "Products_Module.product",
  "pk": 52,
  "fields": {
    "name": "ساعت هوشمند",
    "slug": "smart-watch",
    "category": 34,
    "brand": 19,
    "description": "ساعت هوشمند با امکانات ورزشی",
    "full_description": "ساعت هوشمند با قابلیت اندازه‌گیری ضربان قلب، شمارش قدم و کالری سوزی. مناسب برای ورزشکاران.",
    "additional_info": "",
    "shipping_info": "ارسال رایگان برای سفارشات بالای 50 هزار تومان",
    "price": "2800000",
    "old_price": null,
    "stock": 22,
    "is_available": true,
    "is_active": true,
    "label": "hot",
    "views_count": 0,
    "created_at": "2026-02-07T20:03:48.412Z",
    "updated_at": "2026-02-07T20:03:48.412Z"
  }
},
{
  "model": "Products_Module.product",
  "pk": 53,
  "fields": {
    "name": "عینک آفتابی ریبن کلاسیک",
    "slug": "classic-rayban-sunglasses",
    "category": 35,
    "brand": 26,
    "description": "عینک آفتابی با لنز UV400",
    "full_description": "عینک آفتابی با فریم فلزی و لنزهای محافظ در برابر اشعه UV. طراحی کلاسیک و همیشه مد.",
    "additional_info": "",
    "shipping_info": "ارسال رایگان برای سفارشات بالای 50 هزار تومان",
    "price": "1200000",
    "old_price": null,
    "stock": 20,
    "is_available": true,
    "is_active": true,
    "label": "new",
    "views_count": 0,
    "created_at": "2026-02-07T20:03:48.416Z",
    "updated_at": "2026-02-07T20:03:48.416Z"
  }
},
{
  "model": "Products_Module.product",
  "pk": 54,
  "fields": {
    "name": "عینک آفتابی اسپرت",
    "slug": "sport-sunglasses",
    "category": 35,
    "brand": 19,
    "description": "عینک آفتابی ورزشی با لنز پلاریزه",
    "full_description": "عینک آفتابی ورزشی با فریم سبک و لنزهای پلاریزه، مناسب برای فعالیت‌های ورزشی در فضای باز.",
    "additional_info": "",
    "shipping_info": "ارسال رایگان برای سفارشات بالای 50 هزار تومان",
    "price": "980000",
    "old_price": "1200000",
    "stock": 28,
    "is_available": true,
    "is_active": true,
    "label": "sale",
    "views_count": 1,
    "created_at": "2026-02-07T20:03:48.419Z",
    "updated_at": "2026-02-07T20:03:48.419Z"
  }
},
{
  "model": "Products_Module.product",
  "pk": 55,
  "fields": {
    "name": "گردنبند طلا با آویز قلب",
    "slug": "gold-heart-necklace",
    "category": 36,
    "brand": 24,
    "description": "گردنبند طلای 18 عیار با طراحی ظریف",
    "full_description": "گردنبند طلای اصل با آویز قلب و نگین‌های زیرکونیا، مناسب برای هدیه. وزن: 5 گرم.",
    "additional_info": "",
    "shipping_info": "ارسال رایگان برای سفارشات بالای 50 هزار تومان",
    "price": "8500000",
    "old_price": null,
    "stock": 5,
    "is_available": true,
    "is_active": true,
    "label": "top",
    "views_count": 1,
    "created_at": "2026-02-07T20:03:48.422Z",
    "updated_at": "2026-02-07T20:03:48.422Z"
  }
},
{
  "model": "Products_Module.product",
  "pk": 56,
  "fields": {
    "name": "دستبند نقره زنانه",
    "slug": "womens-silver-bracelet",
    "category": 36,
    "brand": 26,
    "description": "دستبند نقره با طراحی مدرن",
    "full_description": "دستبند نقره 925 با طراحی مدرن و شیک، مناسب برای استفاده روزمره و مهمانی.",
    "additional_info": "",
    "shipping_info": "ارسال رایگان برای سفارشات بالای 50 هزار تومان",
    "price": "1800000",
    "old_price": "2200000",
    "stock": 12,
    "is_available": true,
    "is_active": true,
    "label": "sale",
    "views_count": 0,
    "created_at": "2026-02-07T20:03:48.426Z",
    "updated_at": "2026-02-07T20:03:48.426Z"
  }
},
{
  "model": "Products_Module.product",
  "pk": 57,
  "fields": {
    "name": "گوشواره طلا",
    "slug": "gold-earrings",
    "category": 36,
    "brand": 24,
    "description": "گوشواره طلای 18 عیار",
    "full_description": "گوشواره طلای اصل با طراحی کلاسیک، مناسب برای هر سنی. وزن: 3 گرم.",
    "additional_info": "",
    "shipping_info": "ارسال رایگان برای سفارشات بالای 50 هزار تومان",
    "price": "6200000",
    "old_price": null,
    "stock": 8,
    "is_available": true,
    "is_active": true,
    "label": "new",
    "views_count": 1,
    "created_at": "2026-02-07T20:03:48.431Z",
    "updated_at": "2026-02-07T20:03:48.431Z"
  }
},
{
  "model": "Products_Module.product",
  "pk": 58,
  "fields": {
    "name": "کمربند چرم مردانه",
    "slug": "mens-leather-belt",
    "category": 32,
    "brand": 24,
    "description": "کمربند چرم طبیعی با سگک فلزی",
    "full_description": "کمربند چرم طبیعی با دوخت دستی و سگک فلزی، مناسب برای استفاده رسمی و روزمره.",
    "additional_info": "",
    "shipping_info": "ارسال رایگان برای سفارشات بالای 50 هزار تومان",
    "price": "1500000",
    "old_price": null,
    "stock": 25,
    "is_available": true,
    "is_active": true,
    "label": "new",
    "views_count": 5,
    "created_at": "2026-02-07T20:03:48.435Z",
    "updated_at": "2026-02-07T20:03:48.435Z"
  }
},
{
  "model": "Products_Module.product",
  "pk": 59,
  "fields": {
    "name": "کلاه کپ ورزشی",
    "slug": "sports-cap",
    "category": 32,
    "brand": 19,
    "description": "کلاه کپ با طراحی اسپرت",
    "full_description": "کلاه کپ ورزشی با جنس نخ پنبه و قابلیت تنظیم سایز، مناسب برای فعالیت‌های ورزشی.",
    "additional_info": "",
    "shipping_info": "ارسال رایگان برای سفارشات بالای 50 هزار تومان",
    "price": "280000",
    "old_price": "350000",
    "stock": 50,
    "is_available": true,
    "is_active": true,
    "label": "sale",
    "views_count": 0,
    "created_at": "2026-02-07T20:03:48.439Z",
    "updated_at": "2026-02-07T20:03:48.439Z"
  }
},
{
  "model": "Products_Module.product",
  "pk": 60,
  "fields": {
    "name": "شال گردن زنانه",
    "slug": "womens-scarf",
    "category": 32,
    "brand": 22,
    "description": "شال گردن با طرح‌های متنوع",
    "full_description": "شال گردن زنانه با پارچه نرم و طرح‌های زیبا، مناسب برای فصل پاییز و زمستان.",
    "additional_info": "",
    "shipping_info": "ارسال رایگان برای سفارشات بالای 50 هزار تومان",
    "price": "420000",
    "old_price": null,
    "stock": 20,
    "is_available": true,
    "is_active": true,
    "label": "new",
    "views_count": 9,
    "created_at": "2026-02-07T20:03:48.442Z",
    "updated_at": "2026-02-09T13:51:23.078Z"
  }
},
{
  "model": "Products_Module.productimage",
  "pk": 80,
  "fields": {
    "product": 37,
    "image": "products/1.jpg",
    "alt_text": "تی شرت مردانه نایک اسپرت - تصویر 1",
    "is_main": true,
    "order": 0,
    "created_at": "2026-02-07T20:03:48.447Z"
  }
},
{
  "model": "Products_Module.productimage",
  "pk": 81,
  "fields": {
    "product": 37,
    "image": "products/2.jpg",
    "alt_text": "تی شرت مردانه نایک اسپرت - تصویر 2",
    "is_main": false,
    "order": 1,
    "created_at": "2026-02-07T20:03:48.451Z"
  }
},
{
  "model": "Products_Module.productimage",
  "pk": 82,
  "fields": {
    "product": 38,
    "image": "products/2.jpg",
    "alt_text": "پیراهن مردانه آستین بلند زارا - تصویر 1",
    "is_main": true,
    "order": 0,
    "created_at": "2026-02-07T20:03:48.455Z"
  }
},
{
  "model": "Products_Module.productimage",
  "pk": 83,
  "fields": {
    "product": 38,
    "image": "products/3.jpg",
    "alt_text": "پیراهن مردانه آستین بلند زارا - تصویر 2",
    "is_main": false,
    "order": 1,
    "created_at": "2026-02-07T20:03:48.458Z"
  }
},
{
  "model": "Products_Module.productimage",
  "pk": 84,
  "fields": {
    "product": 38,
    "image": "products/product-1.jpg",
    "alt_text": "پیراهن مردانه آستین بلند زارا - تصویر 3",
    "is_main": false,
    "order": 2,
    "created_at": "2026-02-07T20:03:48.468Z"
  }
},
{
  "model": "Products_Module.productimage",
  "pk": 85,
  "fields": {
    "product": 39,
    "image": "products/3.jpg",
    "alt_text": "شلوار جین مردانه آبی تیره - تصویر 1",
    "is_main": true,
    "order": 0,
    "created_at": "2026-02-07T20:03:48.472Z"
  }
},
{
  "model": "Products_Module.productimage",
  "pk": 86,
  "fields": {
    "product": 39,
    "image": "products/product-1.jpg",
    "alt_text": "شلوار جین مردانه آبی تیره - تصویر 2",
    "is_main": false,
    "order": 1,
    "created_at": "2026-02-07T20:03:48.478Z"
  }
},
{
  "model": "Products_Module.productimage",
  "pk": 87,
  "fields": {
    "product": 39,
    "image": "products/product-4.jpg",
    "alt_text": "شلوار جین مردانه آبی تیره - تصویر 3",
    "is_main": false,
    "order": 2,
    "created_at": "2026-02-07T20:03:48.482Z"
  }
},
{
  "model": "Products_Module.productimage",
  "pk": 88,
  "fields": {
    "product": 39,
    "image": "products/product-5.jpg",
    "alt_text": "شلوار جین مردانه آبی تیره - تصویر 4",
    "is_main": false,
    "order": 3,
    "created_at": "2026-02-07T20:03:48.485Z"
  }
},
{
  "model": "Products_Module.productimage",
  "pk": 89,
  "fields": {
    "product": 40,
    "image": "products/product-1.jpg",
    "alt_text": "شلوار ورزشی پوما مشکی - تصویر 1",
    "is_main": true,
    "order": 0,
    "created_at": "2026-02-07T20:03:48.488Z"
  }
},
{
  "model": "Products_Module.productimage",
  "pk": 90,
  "fields": {
    "product": 40,
    "image": "products/product-4.jpg",
    "alt_text": "شلوار ورزشی پوما مشکی - تصویر 2",
    "is_main": false,
    "order": 1,
    "created_at": "2026-02-07T20:03:48.491Z"
  }
},
{
  "model": "Products_Module.productimage",
  "pk": 91,
  "fields": {
    "product": 41,
    "image": "products/product-4.jpg",
    "alt_text": "پیراهن زنانه گلدار بهاری - تصویر 1",
    "is_main": true,
    "order": 0,
    "created_at": "2026-02-07T20:03:48.496Z"
  }
},
{
  "model": "Products_Module.productimage",
  "pk": 92,
  "fields": {
    "product": 41,
    "image": "products/product-5.jpg",
    "alt_text": "پیراهن زنانه گلدار بهاری - تصویر 2",
    "is_main": false,
    "order": 1,
    "created_at": "2026-02-07T20:03:48.499Z"
  }
},
{
  "model": "Products_Module.productimage",
  "pk": 93,
  "fields": {
    "product": 41,
    "image": "products/product-6.jpg",
    "alt_text": "پیراهن زنانه گلدار بهاری - تصویر 3",
    "is_main": false,
    "order": 2,
    "created_at": "2026-02-07T20:03:48.502Z"
  }
},
{
  "model": "Products_Module.productimage",
  "pk": 94,
  "fields": {
    "product": 42,
    "image": "products/product-5.jpg",
    "alt_text": "بلوز زنانه یقه گرد - تصویر 1",
    "is_main": true,
    "order": 0,
    "created_at": "2026-02-07T20:03:48.505Z"
  }
},
{
  "model": "Products_Module.productimage",
  "pk": 95,
  "fields": {
    "product": 42,
    "image": "products/product-6.jpg",
    "alt_text": "بلوز زنانه یقه گرد - تصویر 2",
    "is_main": false,
    "order": 1,
    "created_at": "2026-02-07T20:03:48.508Z"
  }
},
{
  "model": "Products_Module.productimage",
  "pk": 96,
  "fields": {
    "product": 42,
    "image": "products/product-7.jpg",
    "alt_text": "بلوز زنانه یقه گرد - تصویر 3",
    "is_main": false,
    "order": 2,
    "created_at": "2026-02-07T20:03:48.513Z"
  }
},
{
  "model": "Products_Module.productimage",
  "pk": 97,
  "fields": {
    "product": 42,
    "image": "products/product-9.jpg",
    "alt_text": "بلوز زنانه یقه گرد - تصویر 4",
    "is_main": false,
    "order": 3,
    "created_at": "2026-02-07T20:03:48.516Z"
  }
},
{
  "model": "Products_Module.productimage",
  "pk": 98,
  "fields": {
    "product": 43,
    "image": "products/product-6.jpg",
    "alt_text": "شلوار جین زنانه آبی روشن - تصویر 1",
    "is_main": true,
    "order": 0,
    "created_at": "2026-02-07T20:03:48.519Z"
  }
},
{
  "model": "Products_Module.productimage",
  "pk": 99,
  "fields": {
    "product": 43,
    "image": "products/product-7.jpg",
    "alt_text": "شلوار جین زنانه آبی روشن - تصویر 2",
    "is_main": false,
    "order": 1,
    "created_at": "2026-02-07T20:03:48.522Z"
  }
},
{
  "model": "Products_Module.productimage",
  "pk": 100,
  "fields": {
    "product": 44,
    "image": "products/product-7.jpg",
    "alt_text": "شلوار پارچه ای زنانه مشکی - تصویر 1",
    "is_main": true,
    "order": 0,
    "created_at": "2026-02-07T20:03:48.525Z"
  }
},
{
  "model": "Products_Module.productimage",
  "pk": 101,
  "fields": {
    "product": 44,
    "image": "products/product-9.jpg",
    "alt_text": "شلوار پارچه ای زنانه مشکی - تصویر 2",
    "is_main": false,
    "order": 1,
    "created_at": "2026-02-07T20:03:48.530Z"
  }
},
{
  "model": "Products_Module.productimage",
  "pk": 102,
  "fields": {
    "product": 44,
    "image": "products/1.jpg",
    "alt_text": "شلوار پارچه ای زنانه مشکی - تصویر 3",
    "is_main": false,
    "order": 2,
    "created_at": "2026-02-07T20:03:48.533Z"
  }
},
{
  "model": "Products_Module.productimage",
  "pk": 103,
  "fields": {
    "product": 45,
    "image": "products/product-9.jpg",
    "alt_text": "کفش ورزشی آدیداس اولترا بوست - تصویر 1",
    "is_main": true,
    "order": 0,
    "created_at": "2026-02-07T20:03:48.536Z"
  }
},
{
  "model": "Products_Module.productimage",
  "pk": 104,
  "fields": {
    "product": 45,
    "image": "products/1.jpg",
    "alt_text": "کفش ورزشی آدیداس اولترا بوست - تصویر 2",
    "is_main": false,
    "order": 1,
    "created_at": "2026-02-07T20:03:48.540Z"
  }
},
{
  "model": "Products_Module.productimage",
  "pk": 105,
  "fields": {
    "product": 45,
    "image": "products/2.jpg",
    "alt_text": "کفش ورزشی آدیداس اولترا بوست - تصویر 3",
    "is_main": false,
    "order": 2,
    "created_at": "2026-02-07T20:03:48.544Z"
  }
},
{
  "model": "Products_Module.productimage",
  "pk": 106,
  "fields": {
    "product": 45,
    "image": "products/3.jpg",
    "alt_text": "کفش ورزشی آدیداس اولترا بوست - تصویر 4",
    "is_main": false,
    "order": 3,
    "created_at": "2026-02-07T20:03:48.548Z"
  }
},
{
  "model": "Products_Module.productimage",
  "pk": 107,
  "fields": {
    "product": 46,
    "image": "products/1.jpg",
    "alt_text": "کفش کتانی نایک ایر مکس - تصویر 1",
    "is_main": true,
    "order": 0,
    "created_at": "2026-02-07T20:03:48.551Z"
  }
},
{
  "model": "Products_Module.productimage",
  "pk": 108,
  "fields": {
    "product": 46,
    "image": "products/2.jpg",
    "alt_text": "کفش کتانی نایک ایر مکس - تصویر 2",
    "is_main": false,
    "order": 1,
    "created_at": "2026-02-07T20:03:48.554Z"
  }
},
{
  "model": "Products_Module.productimage",
  "pk": 109,
  "fields": {
    "product": 47,
    "image": "products/2.jpg",
    "alt_text": "کفش رسمی مردانه چرم - تصویر 1",
    "is_main": true,
    "order": 0,
    "created_at": "2026-02-07T20:03:48.556Z"
  }
},
{
  "model": "Products_Module.productimage",
  "pk": 110,
  "fields": {
    "product": 47,
    "image": "products/3.jpg",
    "alt_text": "کفش رسمی مردانه چرم - تصویر 2",
    "is_main": false,
    "order": 1,
    "created_at": "2026-02-07T20:03:48.560Z"
  }
},
{
  "model": "Products_Module.productimage",
  "pk": 111,
  "fields": {
    "product": 47,
    "image": "products/product-1.jpg",
    "alt_text": "کفش رسمی مردانه چرم - تصویر 3",
    "is_main": false,
    "order": 2,
    "created_at": "2026-02-07T20:03:48.564Z"
  }
},
{
  "model": "Products_Module.productimage",
  "pk": 112,
  "fields": {
    "product": 48,
    "image": "products/3.jpg",
    "alt_text": "کیف دستی چرم لوکس - تصویر 1",
    "is_main": true,
    "order": 0,
    "created_at": "2026-02-07T20:03:48.567Z"
  }
},
{
  "model": "Products_Module.productimage",
  "pk": 113,
  "fields": {
    "product": 48,
    "image": "products/product-1.jpg",
    "alt_text": "کیف دستی چرم لوکس - تصویر 2",
    "is_main": false,
    "order": 1,
    "created_at": "2026-02-07T20:03:48.570Z"
  }
},
{
  "model": "Products_Module.productimage",
  "pk": 114,
  "fields": {
    "product": 48,
    "image": "products/product-4.jpg",
    "alt_text": "کیف دستی چرم لوکس - تصویر 3",
    "is_main": false,
    "order": 2,
    "created_at": "2026-02-07T20:03:48.573Z"
  }
},
{
  "model": "Products_Module.productimage",
  "pk": 115,
  "fields": {
    "product": 48,
    "image": "products/product-5.jpg",
    "alt_text": "کیف دستی چرم لوکس - تصویر 4",
    "is_main": false,
    "order": 3,
    "created_at": "2026-02-07T20:03:48.578Z"
  }
},
{
  "model": "Products_Module.productimage",
  "pk": 116,
  "fields": {
    "product": 49,
    "image": "products/product-1.jpg",
    "alt_text": "کوله پشتی ورزشی نایک - تصویر 1",
    "is_main": true,
    "order": 0,
    "created_at": "2026-02-07T20:03:48.582Z"
  }
},
{
  "model": "Products_Module.productimage",
  "pk": 117,
  "fields": {
    "product": 49,
    "image": "products/product-4.jpg",
    "alt_text": "کوله پشتی ورزشی نایک - تصویر 2",
    "is_main": false,
    "order": 1,
    "created_at": "2026-02-07T20:03:48.585Z"
  }
},
{
  "model": "Products_Module.productimage",
  "pk": 118,
  "fields": {
    "product": 50,
    "image": "products/product-4.jpg",
    "alt_text": "کیف دوشی زنانه - تصویر 1",
    "is_main": true,
    "order": 0,
    "created_at": "2026-02-07T20:03:48.588Z"
  }
},
{
  "model": "Products_Module.productimage",
  "pk": 119,
  "fields": {
    "product": 50,
    "image": "products/product-5.jpg",
    "alt_text": "کیف دوشی زنانه - تصویر 2",
    "is_main": false,
    "order": 1,
    "created_at": "2026-02-07T20:03:48.590Z"
  }
},
{
  "model": "Products_Module.productimage",
  "pk": 120,
  "fields": {
    "product": 50,
    "image": "products/product-6.jpg",
    "alt_text": "کیف دوشی زنانه - تصویر 3",
    "is_main": false,
    "order": 2,
    "created_at": "2026-02-07T20:03:48.594Z"
  }
},
{
  "model": "Products_Module.productimage",
  "pk": 121,
  "fields": {
    "product": 51,
    "image": "products/product-5.jpg",
    "alt_text": "ساعت مچی مردانه اسپرت - تصویر 1",
    "is_main": true,
    "order": 0,
    "created_at": "2026-02-07T20:03:48.597Z"
  }
},
{
  "model": "Products_Module.productimage",
  "pk": 122,
  "fields": {
    "product": 51,
    "image": "products/product-6.jpg",
    "alt_text": "ساعت مچی مردانه اسپرت - تصویر 2",
    "is_main": false,
    "order": 1,
    "created_at": "2026-02-07T20:03:48.602Z"
  }
},
{
  "model": "Products_Module.productimage",
  "pk": 123,
  "fields": {
    "product": 51,
    "image": "products/product-7.jpg",
    "alt_text": "ساعت مچی مردانه اسپرت - تصویر 3",
    "is_main": false,
    "order": 2,
    "created_at": "2026-02-07T20:03:48.606Z"
  }
},
{
  "model": "Products_Module.productimage",
  "pk": 124,
  "fields": {
    "product": 51,
    "image": "products/product-9.jpg",
    "alt_text": "ساعت مچی مردانه اسپرت - تصویر 4",
    "is_main": false,
    "order": 3,
    "created_at": "2026-02-07T20:03:48.613Z"
  }
},
{
  "model": "Products_Module.productimage",
  "pk": 125,
  "fields": {
    "product": 52,
    "image": "products/product-6.jpg",
    "alt_text": "ساعت هوشمند - تصویر 1",
    "is_main": true,
    "order": 0,
    "created_at": "2026-02-07T20:03:48.617Z"
  }
},
{
  "model": "Products_Module.productimage",
  "pk": 126,
  "fields": {
    "product": 52,
    "image": "products/product-7.jpg",
    "alt_text": "ساعت هوشمند - تصویر 2",
    "is_main": false,
    "order": 1,
    "created_at": "2026-02-07T20:03:48.621Z"
  }
},
{
  "model": "Products_Module.productimage",
  "pk": 127,
  "fields": {
    "product": 53,
    "image": "products/product-7.jpg",
    "alt_text": "عینک آفتابی ریبن کلاسیک - تصویر 1",
    "is_main": true,
    "order": 0,
    "created_at": "2026-02-07T20:03:48.625Z"
  }
},
{
  "model": "Products_Module.productimage",
  "pk": 128,
  "fields": {
    "product": 53,
    "image": "products/product-9.jpg",
    "alt_text": "عینک آفتابی ریبن کلاسیک - تصویر 2",
    "is_main": false,
    "order": 1,
    "created_at": "2026-02-07T20:03:48.631Z"
  }
},
{
  "model": "Products_Module.productimage",
  "pk": 129,
  "fields": {
    "product": 53,
    "image": "products/1.jpg",
    "alt_text": "عینک آفتابی ریبن کلاسیک - تصویر 3",
    "is_main": false,
    "order": 2,
    "created_at": "2026-02-07T20:03:48.634Z"
  }
},
{
  "model": "Products_Module.productimage",
  "pk": 130,
  "fields": {
    "product": 54,
    "image": "products/product-9.jpg",
    "alt_text": "عینک آفتابی اسپرت - تصویر 1",
    "is_main": true,
    "order": 0,
    "created_at": "2026-02-07T20:03:48.637Z"
  }
},
{
  "model": "Products_Module.productimage",
  "pk": 131,
  "fields": {
    "product": 54,
    "image": "products/1.jpg",
    "alt_text": "عینک آفتابی اسپرت - تصویر 2",
    "is_main": false,
    "order": 1,
    "created_at": "2026-02-07T20:03:48.639Z"
  }
},
{
  "model": "Products_Module.productimage",
  "pk": 132,
  "fields": {
    "product": 54,
    "image": "products/2.jpg",
    "alt_text": "عینک آفتابی اسپرت - تصویر 3",
    "is_main": false,
    "order": 2,
    "created_at": "2026-02-07T20:03:48.642Z"
  }
},
{
  "model": "Products_Module.productimage",
  "pk": 133,
  "fields": {
    "product": 54,
    "image": "products/3.jpg",
    "alt_text": "عینک آفتابی اسپرت - تصویر 4",
    "is_main": false,
    "order": 3,
    "created_at": "2026-02-07T20:03:48.646Z"
  }
},
{
  "model": "Products_Module.productimage",
  "pk": 134,
  "fields": {
    "product": 55,
    "image": "products/1.jpg",
    "alt_text": "گردنبند طلا با آویز قلب - تصویر 1",
    "is_main": true,
    "order": 0,
    "created_at": "2026-02-07T20:03:48.649Z"
  }
},
{
  "model": "Products_Module.productimage",
  "pk": 135,
  "fields": {
    "product": 55,
    "image": "products/2.jpg",
    "alt_text": "گردنبند طلا با آویز قلب - تصویر 2",
    "is_main": false,
    "order": 1,
    "created_at": "2026-02-07T20:03:48.652Z"
  }
},
{
  "model": "Products_Module.productimage",
  "pk": 136,
  "fields": {
    "product": 56,
    "image": "products/2.jpg",
    "alt_text": "دستبند نقره زنانه - تصویر 1",
    "is_main": true,
    "order": 0,
    "created_at": "2026-02-07T20:03:48.654Z"
  }
},
{
  "model": "Products_Module.productimage",
  "pk": 137,
  "fields": {
    "product": 56,
    "image": "products/3.jpg",
    "alt_text": "دستبند نقره زنانه - تصویر 2",
    "is_main": false,
    "order": 1,
    "created_at": "2026-02-07T20:03:48.657Z"
  }
},
{
  "model": "Products_Module.productimage",
  "pk": 138,
  "fields": {
    "product": 56,
    "image": "products/product-1.jpg",
    "alt_text": "دستبند نقره زنانه - تصویر 3",
    "is_main": false,
    "order": 2,
    "created_at": "2026-02-07T20:03:48.661Z"
  }
},
{
  "model": "Products_Module.productimage",
  "pk": 139,
  "fields": {
    "product": 57,
    "image": "products/3.jpg",
    "alt_text": "گوشواره طلا - تصویر 1",
    "is_main": true,
    "order": 0,
    "created_at": "2026-02-07T20:03:48.664Z"
  }
},
{
  "model": "Products_Module.productimage",
  "pk": 140,
  "fields": {
    "product": 57,
    "image": "products/product-1.jpg",
    "alt_text": "گوشواره طلا - تصویر 2",
    "is_main": false,
    "order": 1,
    "created_at": "2026-02-07T20:03:48.668Z"
  }
},
{
  "model": "Products_Module.productimage",
  "pk": 141,
  "fields": {
    "product": 57,
    "image": "products/product-4.jpg",
    "alt_text": "گوشواره طلا - تصویر 3",
    "is_main": false,
    "order": 2,
    "created_at": "2026-02-07T20:03:48.670Z"
  }
},
{
  "model": "Products_Module.productimage",
  "pk": 142,
  "fields": {
    "product": 57,
    "image": "products/product-5.jpg",
    "alt_text": "گوشواره طلا - تصویر 4",
    "is_main": false,
    "order": 3,
    "created_at": "2026-02-07T20:03:48.673Z"
  }
},
{
  "model": "Products_Module.productimage",
  "pk": 143,
  "fields": {
    "product": 58,
    "image": "products/product-1.jpg",
    "alt_text": "کمربند چرم مردانه - تصویر 1",
    "is_main": true,
    "order": 0,
    "created_at": "2026-02-07T20:03:48.676Z"
  }
},
{
  "model": "Products_Module.productimage",
  "pk": 144,
  "fields": {
    "product": 58,
    "image": "products/product-4.jpg",
    "alt_text": "کمربند چرم مردانه - تصویر 2",
    "is_main": false,
    "order": 1,
    "created_at": "2026-02-07T20:03:48.681Z"
  }
},
{
  "model": "Products_Module.productimage",
  "pk": 145,
  "fields": {
    "product": 59,
    "image": "products/product-4.jpg",
    "alt_text": "کلاه کپ ورزشی - تصویر 1",
    "is_main": true,
    "order": 0,
    "created_at": "2026-02-07T20:03:48.685Z"
  }
},
{
  "model": "Products_Module.productimage",
  "pk": 146,
  "fields": {
    "product": 59,
    "image": "products/product-5.jpg",
    "alt_text": "کلاه کپ ورزشی - تصویر 2",
    "is_main": false,
    "order": 1,
    "created_at": "2026-02-07T20:03:48.688Z"
  }
},
{
  "model": "Products_Module.productimage",
  "pk": 147,
  "fields": {
    "product": 59,
    "image": "products/product-6.jpg",
    "alt_text": "کلاه کپ ورزشی - تصویر 3",
    "is_main": false,
    "order": 2,
    "created_at": "2026-02-07T20:03:48.690Z"
  }
},
{
  "model": "Products_Module.productimage",
  "pk": 148,
  "fields": {
    "product": 60,
    "image": "products/product-5.jpg",
    "alt_text": "شال گردن زنانه - تصویر 1",
    "is_main": true,
    "order": 0,
    "created_at": "2026-02-07T20:03:48.695Z"
  }
},
{
  "model": "Products_Module.productimage",
  "pk": 149,
  "fields": {
    "product": 60,
    "image": "products/product-6.jpg",
    "alt_text": "شال گردن زنانه - تصویر 2",
    "is_main": false,
    "order": 1,
    "created_at": "2026-02-07T20:03:48.698Z"
  }
},
{
  "model": "Products_Module.productimage",
  "pk": 150,
  "fields": {
    "product": 60,
    "image": "products/product-7.jpg",
    "alt_text": "شال گردن زنانه - تصویر 3",
    "is_main": false,
    "order": 2,
    "created_at": "2026-02-07T20:03:48.701Z"
  }
},
{
  "model": "Products_Module.productimage",
  "pk": 151,
  "fields": {
    "product": 60,
    "image": "products/product-9.jpg",
    "alt_text": "شال گردن زنانه - تصویر 4",
    "is_main": false,
    "order": 3,
    "created_at": "2026-02-07T20:03:48.704Z"
  }
},
{
  "model": "Products_Module.productcolor",
  "pk": 53,
  "fields": {
    "product": 37,
    "name": "مشکی",
    "code": "#000000",
    "is_available": true
  }
},
{
  "model": "Products_Module.productcolor",
  "pk": 54,
  "fields": {
    "product": 37,
    "name": "سفید",
    "code": "#FFFFFF",
    "is_available": true
  }
},
{
  "model": "Products_Module.productcolor",
  "pk": 55,
  "fields": {
    "product": 37,
    "name": "قرمز",
    "code": "#FF0000",
    "is_available": true
  }
},
{
  "model": "Products_Module.productcolor",
  "pk": 56,
  "fields": {
    "product": 38,
    "name": "مشکی",
    "code": "#000000",
    "is_available": true
  }
},
{
  "model": "Products_Module.productcolor",
  "pk": 57,
  "fields": {
    "product": 38,
    "name": "سفید",
    "code": "#FFFFFF",
    "is_available": true
  }
},
{
  "model": "Products_Module.productcolor",
  "pk": 58,
  "fields": {
    "product": 38,
    "name": "قرمز",
    "code": "#FF0000",
    "is_available": true
  }
},
{
  "model": "Products_Module.productcolor",
  "pk": 59,
  "fields": {
    "product": 38,
    "name": "آبی",
    "code": "#0000FF",
    "is_available": true
  }
},
{
  "model": "Products_Module.productcolor",
  "pk": 60,
  "fields": {
    "product": 39,
    "name": "مشکی",
    "code": "#000000",
    "is_available": true
  }
},
{
  "model": "Products_Module.productcolor",
  "pk": 61,
  "fields": {
    "product": 39,
    "name": "سفید",
    "code": "#FFFFFF",
    "is_available": true
  }
},
{
  "model": "Products_Module.productcolor",
  "pk": 62,
  "fields": {
    "product": 39,
    "name": "قرمز",
    "code": "#FF0000",
    "is_available": true
  }
},
{
  "model": "Products_Module.productcolor",
  "pk": 63,
  "fields": {
    "product": 40,
    "name": "مشکی",
    "code": "#000000",
    "is_available": true
  }
},
{
  "model": "Products_Module.productcolor",
  "pk": 64,
  "fields": {
    "product": 40,
    "name": "سفید",
    "code": "#FFFFFF",
    "is_available": true
  }
},
{
  "model": "Products_Module.productcolor",
  "pk": 65,
  "fields": {
    "product": 40,
    "name": "قرمز",
    "code": "#FF0000",
    "is_available": true
  }
},
{
  "model": "Products_Module.productcolor",
  "pk": 66,
  "fields": {
    "product": 40,
    "name": "آبی",
    "code": "#0000FF",
    "is_available": true
  }
},
{
  "model": "Products_Module.productcolor",
  "pk": 67,
  "fields": {
    "product": 41,
    "name": "مشکی",
    "code": "#000000",
    "is_available": true
  }
},
{
  "model": "Products_Module.productcolor",
  "pk": 68,
  "fields": {
    "product": 41,
    "name": "سفید",
    "code": "#FFFFFF",
    "is_available": true
  }
},
{
  "model": "Products_Module.productcolor",
  "pk": 69,
  "fields": {
    "product": 41,
    "name": "قرمز",
    "code": "#FF0000",
    "is_available": true
  }
},
{
  "model": "Products_Module.productcolor",
  "pk": 70,
  "fields": {
    "product": 42,
    "name": "مشکی",
    "code": "#000000",
    "is_available": true
  }
},
{
  "model": "Products_Module.productcolor",
  "pk": 71,
  "fields": {
    "product": 42,
    "name": "سفید",
    "code": "#FFFFFF",
    "is_available": true
  }
},
{
  "model": "Products_Module.productcolor",
  "pk": 72,
  "fields": {
    "product": 42,
    "name": "قرمز",
    "code": "#FF0000",
    "is_available": true
  }
},
{
  "model": "Products_Module.productcolor",
  "pk": 73,
  "fields": {
    "product": 42,
    "name": "آبی",
    "code": "#0000FF",
    "is_available": true
  }
},
{
  "model": "Products_Module.productcolor",
  "pk": 74,
  "fields": {
    "product": 43,
    "name": "مشکی",
    "code": "#000000",
    "is_available": true
  }
},
{
  "model": "Products_Module.productcolor",
  "pk": 75,
  "fields": {
    "product": 43,
    "name": "سفید",
    "code": "#FFFFFF",
    "is_available": true
  }
},
{
  "model": "Products_Module.productcolor",
  "pk": 76,
  "fields": {
    "product": 43,
    "name": "قرمز",
    "code": "#FF0000",
    "is_available": true
  }
},
{
  "model": "Products_Module.productcolor",
  "pk": 77,
  "fields": {
    "product": 44,
    "name": "مشکی",
    "code": "#000000",
    "is_available": true
  }
},
{
  "model": "Products_Module.productcolor",
  "pk": 78,
  "fields": {
    "product": 44,
    "name": "سفید",
    "code": "#FFFFFF",
    "is_available": true
  }
},
{
  "model": "Products_Module.productcolor",
  "pk": 79,
  "fields": {
    "product": 44,
    "name": "قرمز",
    "code": "#FF0000",
    "is_available": true
  }
},
{
  "model": "Products_Module.productcolor",
  "pk": 80,
  "fields": {
    "product": 44,
    "name": "آبی",
    "code": "#0000FF",
    "is_available": true
  }
},
{
  "model": "Products_Module.productcolor",
  "pk": 81,
  "fields": {
    "product": 45,
    "name": "مشکی",
    "code": "#000000",
    "is_available": true
  }
},
{
  "model": "Products_Module.productcolor",
  "pk": 82,
  "fields": {
    "product": 45,
    "name": "سفید",
    "code": "#FFFFFF",
    "is_available": true
  }
},
{
  "model": "Products_Module.productcolor",
  "pk": 83,
  "fields": {
    "product": 45,
    "name": "قرمز",
    "code": "#FF0000",
    "is_available": true
  }
},
{
  "model": "Products_Module.productcolor",
  "pk": 84,
  "fields": {
    "product": 46,
    "name": "مشکی",
    "code": "#000000",
    "is_available": true
  }
},
{
  "model": "Products_Module.productcolor",
  "pk": 85,
  "fields": {
    "product": 46,
    "name": "سفید",
    "code": "#FFFFFF",
    "is_available": true
  }
},
{
  "model": "Products_Module.productcolor",
  "pk": 86,
  "fields": {
    "product": 46,
    "name": "قرمز",
    "code": "#FF0000",
    "is_available": true
  }
},
{
  "model": "Products_Module.productcolor",
  "pk": 87,
  "fields": {
    "product": 46,
    "name": "آبی",
    "code": "#0000FF",
    "is_available": true
  }
},
{
  "model": "Products_Module.productsize",
  "pk": 75,
  "fields": {
    "product": 37,
    "size": "xs",
    "is_available": true
  }
},
{
  "model": "Products_Module.productsize",
  "pk": 76,
  "fields": {
    "product": 37,
    "size": "s",
    "is_available": true
  }
},
{
  "model": "Products_Module.productsize",
  "pk": 77,
  "fields": {
    "product": 37,
    "size": "m",
    "is_available": true
  }
},
{
  "model": "Products_Module.productsize",
  "pk": 78,
  "fields": {
    "product": 37,
    "size": "l",
    "is_available": true
  }
},
{
  "model": "Products_Module.productsize",
  "pk": 79,
  "fields": {
    "product": 38,
    "size": "xs",
    "is_available": true
  }
},
{
  "model": "Products_Module.productsize",
  "pk": 80,
  "fields": {
    "product": 38,
    "size": "s",
    "is_available": true
  }
},
{
  "model": "Products_Module.productsize",
  "pk": 81,
  "fields": {
    "product": 38,
    "size": "m",
    "is_available": true
  }
},
{
  "model": "Products_Module.productsize",
  "pk": 82,
  "fields": {
    "product": 38,
    "size": "l",
    "is_available": true
  }
},
{
  "model": "Products_Module.productsize",
  "pk": 83,
  "fields": {
    "product": 38,
    "size": "xl",
    "is_available": true
  }
},
{
  "model": "Products_Module.productsize",
  "pk": 84,
  "fields": {
    "product": 39,
    "size": "xs",
    "is_available": true
  }
},
{
  "model": "Products_Module.productsize",
  "pk": 85,
  "fields": {
    "product": 39,
    "size": "s",
    "is_available": true
  }
},
{
  "model": "Products_Module.productsize",
  "pk": 86,
  "fields": {
    "product": 39,
    "size": "m",
    "is_available": true
  }
},
{
  "model": "Products_Module.productsize",
  "pk": 87,
  "fields": {
    "product": 39,
    "size": "l",
    "is_available": true
  }
},
{
  "model": "Products_Module.productsize",
  "pk": 88,
  "fields": {
    "product": 39,
    "size": "xl",
    "is_available": true
  }
},
{
  "model": "Products_Module.productsize",
  "pk": 89,
  "fields": {
    "product": 39,
    "size": "xxl",
    "is_available": true
  }
},
{
  "model": "Products_Module.productsize",
  "pk": 90,
  "fields": {
    "product": 40,
    "size": "xs",
    "is_available": true
  }
},
{
  "model": "Products_Module.productsize",
  "pk": 91,
  "fields": {
    "product": 40,
    "size": "s",
    "is_available": true
  }
},
{
  "model": "Products_Module.productsize",
  "pk": 92,
  "fields": {
    "product": 40,
    "size": "m",
    "is_available": true
  }
},
{
  "model": "Products_Module.productsize",
  "pk": 93,
  "fields": {
    "product": 40,
    "size": "l",
    "is_available": true
  }
},
{
  "model": "Products_Module.productsize",
  "pk": 94,
  "fields": {
    "product": 41,
    "size": "xs",
    "is_available": true
  }
},
{
  "model": "Products_Module.productsize",
  "pk": 95,
  "fields": {
    "product": 41,
    "size": "s",
    "is_available": true
  }
},
{
  "model": "Products_Module.productsize",
  "pk": 96,
  "fields": {
    "product": 41,
    "size": "m",
    "is_available": true
  }
},
{
  "model": "Products_Module.productsize",
  "pk": 97,
  "fields": {
    "product": 41,
    "size": "l",
    "is_available": true
  }
},
{
  "model": "Products_Module.productsize",
  "pk": 98,
  "fields": {
    "product": 41,
    "size": "xl",
    "is_available": true
  }
},
{
  "model": "Products_Module.productsize",
  "pk": 99,
  "fields": {
    "product": 42,
    "size": "xs",
    "is_available": true
  }
},
{
  "model": "Products_Module.productsize",
  "pk": 100,
  "fields": {
    "product": 42,
    "size": "s",
    "is_available": true
  }
},
{
  "model": "Products_Module.productsize",
  "pk": 101,
  "fields": {
    "product": 42,
    "size": "m",
    "is_available": true
  }
},
{
  "model": "Products_Module.productsize",
  "pk": 102,
  "fields": {
    "product": 42,
    "size": "l",
    "is_available": true
  }
},
{
  "model": "Products_Module.productsize",
  "pk": 103,
  "fields": {
    "product": 42,
    "size": "xl",
    "is_available": true
  }
},
{
  "model": "Products_Module.productsize",
  "pk": 104,
  "fields": {
    "product": 42,
    "size": "xxl",
    "is_available": true
  }
},
{
  "model": "Products_Module.productsize",
  "pk": 105,
  "fields": {
    "product": 43,
    "size": "xs",
    "is_available": true
  }
},
{
  "model": "Products_Module.productsize",
  "pk": 106,
  "fields": {
    "product": 43,
    "size": "s",
    "is_available": true
  }
},
{
  "model": "Products_Module.productsize",
  "pk": 107,
  "fields": {
    "product": 43,
    "size": "m",
    "is_available": true
  }
},
{
  "model": "Products_Module.productsize",
  "pk": 108,
  "fields": {
    "product": 43,
    "size": "l",
    "is_available": true
  }
},
{
  "model": "Products_Module.productsize",
  "pk": 109,
  "fields": {
    "product": 44,
    "size": "xs",
    "is_available": true
  }
},
{
  "model": "Products_Module.productsize",
  "pk": 110,
  "fields": {
    "product": 44,
    "size": "s",
    "is_available": true
  }
},
{
  "model": "Products_Module.productsize",
  "pk": 111,
  "fields": {
    "product": 44,
    "size": "m",
    "is_available": true
  }
},
{
  "model": "Products_Module.productsize",
  "pk": 112,
  "fields": {
    "product": 44,
    "size": "l",
    "is_available": true
  }
},
{
  "model": "Products_Module.productsize",
  "pk": 113,
  "fields": {
    "product": 44,
    "size": "xl",
    "is_available": true
  }
},
{
  "model": "Products_Module.productsize",
  "pk": 114,
  "fields": {
    "product": 45,
    "size": "xs",
    "is_available": true
  }
},
{
  "model": "Products_Module.productsize",
  "pk": 115,
  "fields": {
    "product": 45,
    "size": "s",
    "is_available": true
  }
},
{
  "model": "Products_Module.productsize",
  "pk": 116,
  "fields": {
    "product": 45,
    "size": "m",
    "is_available": true
  }
},
{
  "model": "Products_Module.productsize",
  "pk": 117,
  "fields": {
    "product": 45,
    "size": "l",
    "is_available": true
  }
},
{
  "model": "Products_Module.productsize",
  "pk": 118,
  "fields": {
    "product": 45,
    "size": "xl",
    "is_available": true
  }
},
{
  "model": "Products_Module.productsize",
  "pk": 119,
  "fields": {
    "product": 45,
    "size": "xxl",
    "is_available": true
  }
},
{
  "model": "Products_Module.productsize",
  "pk": 120,
  "fields": {
    "product": 46,
    "size": "xs",
    "is_available": true
  }
},
{
  "model": "Products_Module.productsize",
  "pk": 121,
  "fields": {
    "product": 46,
    "size": "s",
    "is_available": true
  }
},
{
  "model": "Products_Module.productsize",
  "pk": 122,
  "fields": {
    "product": 46,
    "size": "m",
    "is_available": true
  }
},
{
  "model": "Products_Module.productsize",
  "pk": 123,
  "fields": {
    "product": 46,
    "size": "l",
    "is_available": true
  }
},
{
  "model": "Products_Module.productreview",
  "pk": 101,
  "fields": {
    "product": 37,
    "name": "علی احمدی",
    "email": "ali@example.com",
    "rating": 5,
    "title": "عالی بود",
    "comment": "محصول بسیار با کیفیت و ارسال سریع. پیشنهاد می‌کنم.",
    "is_approved": true,
    "created_at": "2026-02-07T20:03:48.995Z"
  }
},
{
  "model": "Products_Module.productreview",
  "pk": 102,
  "fields": {
    "product": 37,
    "name": "سارا محمدی",
    "email": "sara@example.com",
    "rating": 4,
    "title": "خوب بود",
    "comment": "کیفیت خوبی داشت اما قیمت کمی بالا بود.",
    "is_approved": true,
    "created_at": "2026-02-07T20:03:48.998Z"
  }
},
{
  "model": "Products_Module.productreview",
  "pk": 103,
  "fields": {
    "product": 38,
    "name": "علی احمدی",
    "email": "ali@example.com",
    "rating": 5,
    "title": "عالی بود",
    "comment": "محصول بسیار با کیفیت و ارسال سریع. پیشنهاد می‌کنم.",
    "is_approved": true,
    "created_at": "2026-02-07T20:03:49.001Z"
  }
},
{
  "model": "Products_Module.productreview",
  "pk": 104,
  "fields": {
    "product": 38,
    "name": "سارا محمدی",
    "email": "sara@example.com",
    "rating": 4,
    "title": "خوب بود",
    "comment": "کیفیت خوبی داشت اما قیمت کمی بالا بود.",
    "is_approved": true,
    "created_at": "2026-02-07T20:03:49.004Z"
  }
},
{
  "model": "Products_Module.productreview",
  "pk": 105,
  "fields": {
    "product": 38,
    "name": "رضا کریمی",
    "email": "reza@example.com",
    "rating": 5,
    "title": "فوق العاده",
    "comment": "بهترین خریدی که تا حالا داشتم. ممنون از فروشگاه.",
    "is_approved": true,
    "created_at": "2026-02-07T20:03:49.007Z"
  }
},
{
  "model": "Products_Module.productreview",
  "pk": 106,
  "fields": {
    "product": 39,
    "name": "علی احمدی",
    "email": "ali@example.com",
    "rating": 5,
    "title": "عالی بود",
    "comment": "محصول بسیار با کیفیت و ارسال سریع. پیشنهاد می‌کنم.",
    "is_approved": true,
    "created_at": "2026-02-07T20:03:49.012Z"
  }
},
{
  "model": "Products_Module.productreview",
  "pk": 107,
  "fields": {
    "product": 39,
    "name": "سارا محمدی",
    "email": "sara@example.com",
    "rating": 4,
    "title": "خوب بود",
    "comment": "کیفیت خوبی داشت اما قیمت کمی بالا بود.",
    "is_approved": true,
    "created_at": "2026-02-07T20:03:49.015Z"
  }
},
{
  "model": "Products_Module.productreview",
  "pk": 108,
  "fields": {
    "product": 39,
    "name": "رضا کریمی",
    "email": "reza@example.com",
    "rating": 5,
    "title": "فوق العاده",
    "comment": "بهترین خریدی که تا حالا داشتم. ممنون از فروشگاه.",
    "is_approved": true,
    "created_at": "2026-02-07T20:03:49.018Z"
  }
},
{
  "model": "Products_Module.productreview",
  "pk": 109,
  "fields": {
    "product": 39,
    "name": "مریم حسینی",
    "email": "maryam@example.com",
    "rating": 4,
    "title": "راضی هستم",
    "comment": "محصول مطابق توضیحات بود. ارسال هم سریع انجام شد.",
    "is_approved": true,
    "created_at": "2026-02-07T20:03:49.021Z"
  }
},
{
  "model": "Products_Module.productreview",
  "pk": 110,
  "fields": {
    "product": 40,
    "name": "علی احمدی",
    "email": "ali@example.com",
    "rating": 5,
    "title": "عالی بود",
    "comment": "محصول بسیار با کیفیت و ارسال سریع. پیشنهاد می‌کنم.",
    "is_approved": true,
    "created_at": "2026-02-07T20:03:49.026Z"
  }
},
{
  "model": "Products_Module.productreview",
  "pk": 111,
  "fields": {
    "product": 40,
    "name": "سارا محمدی",
    "email": "sara@example.com",
    "rating": 4,
    "title": "خوب بود",
    "comment": "کیفیت خوبی داشت اما قیمت کمی بالا بود.",
    "is_approved": true,
    "created_at": "2026-02-07T20:03:49.030Z"
  }
},
{
  "model": "Products_Module.productreview",
  "pk": 112,
  "fields": {
    "product": 40,
    "name": "رضا کریمی",
    "email": "reza@example.com",
    "rating": 5,
    "title": "فوق العاده",
    "comment": "بهترین خریدی که تا حالا داشتم. ممنون از فروشگاه.",
    "is_approved": true,
    "created_at": "2026-02-07T20:03:49.033Z"
  }
},
{
  "model": "Products_Module.productreview",
  "pk": 113,
  "fields": {
    "product": 40,
    "name": "مریم حسینی",
    "email": "maryam@example.com",
    "rating": 4,
    "title": "راضی هستم",
    "comment": "محصول مطابق توضیحات بود. ارسال هم سریع انجام شد.",
    "is_approved": true,
    "created_at": "2026-02-07T20:03:49.036Z"
  }
},
{
  "model": "Products_Module.productreview",
  "pk": 114,
  "fields": {
    "product": 40,
    "name": "حسین رضایی",
    "email": "hossein@example.com",
    "rating": 5,
    "title": "بی نظیر",
    "comment": "کیفیت عالی و قیمت مناسب. حتما دوباره خرید می‌کنم.",
    "is_approved": true,
    "created_at": "2026-02-07T20:03:49.039Z"
  }
},
{
  "model": "Products_Module.productreview",
  "pk": 115,
  "fields": {
    "product": 41,
    "name": "علی احمدی",
    "email": "ali@example.com",
    "rating": 5,
    "title": "عالی بود",
    "comment": "محصول بسیار با کیفیت و ارسال سریع. پیشنهاد می‌کنم.",
    "is_approved": true,
    "created_at": "2026-02-07T20:03:49.043Z"
  }
},
{
  "model": "Products_Module.productreview",
  "pk": 116,
  "fields": {
    "product": 41,
    "name": "سارا محمدی",
    "email": "sara@example.com",
    "rating": 4,
    "title": "خوب بود",
    "comment": "کیفیت خوبی داشت اما قیمت کمی بالا بود.",
    "is_approved": true,
    "created_at": "2026-02-07T20:03:49.048Z"
  }
},
{
  "model": "Products_Module.productreview",
  "pk": 117,
  "fields": {
    "product": 42,
    "name": "علی احمدی",
    "email": "ali@example.com",
    "rating": 5,
    "title": "عالی بود",
    "comment": "محصول بسیار با کیفیت و ارسال سریع. پیشنهاد می‌کنم.",
    "is_approved": true,
    "created_at": "2026-02-07T20:03:49.051Z"
  }
},
{
  "model": "Products_Module.productreview",
  "pk": 118,
  "fields": {
    "product": 42,
    "name": "سارا محمدی",
    "email": "sara@example.com",
    "rating": 4,
    "title": "خوب بود",
    "comment": "کیفیت خوبی داشت اما قیمت کمی بالا بود.",
    "is_approved": true,
    "created_at": "2026-02-07T20:03:49.053Z"
  }
},
{
  "model": "Products_Module.productreview",
  "pk": 119,
  "fields": {
    "product": 42,
    "name": "رضا کریمی",
    "email": "reza@example.com",
    "rating": 5,
    "title": "فوق العاده",
    "comment": "بهترین خریدی که تا حالا داشتم. ممنون از فروشگاه.",
    "is_approved": true,
    "created_at": "2026-02-07T20:03:49.056Z"
  }
},
{
  "model": "Products_Module.productreview",
  "pk": 120,
  "fields": {
    "product": 43,
    "name": "علی احمدی",
    "email": "ali@example.com",
    "rating": 5,
    "title": "عالی بود",
    "comment": "محصول بسیار با کیفیت و ارسال سریع. پیشنهاد می‌کنم.",
    "is_approved": true,
    "created_at": "2026-02-07T20:03:49.061Z"
  }
},
{
  "model": "Products_Module.productreview",
  "pk": 121,
  "fields": {
    "product": 43,
    "name": "سارا محمدی",
    "email": "sara@example.com",
    "rating": 4,
    "title": "خوب بود",
    "comment": "کیفیت خوبی داشت اما قیمت کمی بالا بود.",
    "is_approved": true,
    "created_at": "2026-02-07T20:03:49.064Z"
  }
},
{
  "model": "Products_Module.productreview",
  "pk": 122,
  "fields": {
    "product": 43,
    "name": "رضا کریمی",
    "email": "reza@example.com",
    "rating": 5,
    "title": "فوق العاده",
    "comment": "بهترین خریدی که تا حالا داشتم. ممنون از فروشگاه.",
    "is_approved": true,
    "created_at": "2026-02-07T20:03:49.067Z"
  }
},
{
  "model": "Products_Module.productreview",
  "pk": 123,
  "fields": {
    "product": 43,
    "name": "مریم حسینی",
    "email": "maryam@example.com",
    "rating": 4,
    "title": "راضی هستم",
    "comment": "محصول مطابق توضیحات بود. ارسال هم سریع انجام شد.",
    "is_approved": true,
    "created_at": "2026-02-07T20:03:49.070Z"
  }
},
{
  "model": "Products_Module.productreview",
  "pk": 124,
  "fields": {
    "product": 44,
    "name": "علی احمدی",
    "email": "ali@example.com",
    "rating": 5,
    "title": "عالی بود",
    "comment": "محصول بسیار با کیفیت و ارسال سریع. پیشنهاد می‌کنم.",
    "is_approved": true,
    "created_at": "2026-02-07T20:03:49.073Z"
  }
},
{
  "model": "Products_Module.productreview",
  "pk": 125,
  "fields": {
    "product": 44,
    "name": "سارا محمدی",
    "email": "sara@example.com",
    "rating": 4,
    "title": "خوب بود",
    "comment": "کیفیت خوبی داشت اما قیمت کمی بالا بود.",
    "is_approved": true,
    "created_at": "2026-02-07T20:03:49.080Z"
  }
},
{
  "model": "Products_Module.productreview",
  "pk": 126,
  "fields": {
    "product": 44,
    "name": "رضا کریمی",
    "email": "reza@example.com",
    "rating": 5,
    "title": "فوق العاده",
    "comment": "بهترین خریدی که تا حالا داشتم. ممنون از فروشگاه.",
    "is_approved": true,
    "created_at": "2026-02-07T20:03:49.084Z"
  }
},
{
  "model": "Products_Module.productreview",
  "pk": 127,
  "fields": {
    "product": 44,
    "name": "مریم حسینی",
    "email": "maryam@example.com",
    "rating": 4,
    "title": "راضی هستم",
    "comment": "محصول مطابق توضیحات بود. ارسال هم سریع انجام شد.",
    "is_approved": true,
    "created_at": "2026-02-07T20:03:49.087Z"
  }
},
{
  "model": "Products_Module.productreview",
  "pk": 128,
  "fields": {
    "product": 44,
    "name": "حسین رضایی",
    "email": "hossein@example.com",
    "rating": 5,
    "title": "بی نظیر",
    "comment": "کیفیت عالی و قیمت مناسب. حتما دوباره خرید می‌کنم.",
    "is_approved": true,
    "created_at": "2026-02-07T20:03:49.090Z"
  }
},
{
  "model": "Products_Module.productreview",
  "pk": 129,
  "fields": {
    "product": 45,
    "name": "علی احمدی",
    "email": "ali@example.com",
    "rating": 5,
    "title": "عالی بود",
    "comment": "محصول بسیار با کیفیت و ارسال سریع. پیشنهاد می‌کنم.",
    "is_approved": true,
    "created_at": "2026-02-07T20:03:49.095Z"
  }
},
{
  "model": "Products_Module.productreview",
  "pk": 130,
  "fields": {
    "product": 45,
    "name": "سارا محمدی",
    "email": "sara@example.com",
    "rating": 4,
    "title": "خوب بود",
    "comment": "کیفیت خوبی داشت اما قیمت کمی بالا بود.",
    "is_approved": true,
    "created_at": "2026-02-07T20:03:49.100Z"
  }
},
{
  "model": "Products_Module.productreview",
  "pk": 131,
  "fields": {
    "product": 46,
    "name": "علی احمدی",
    "email": "ali@example.com",
    "rating": 5,
    "title": "عالی بود",
    "comment": "محصول بسیار با کیفیت و ارسال سریع. پیشنهاد می‌کنم.",
    "is_approved": true,
    "created_at": "2026-02-07T20:03:49.103Z"
  }
},
{
  "model": "Products_Module.productreview",
  "pk": 132,
  "fields": {
    "product": 46,
    "name": "سارا محمدی",
    "email": "sara@example.com",
    "rating": 4,
    "title": "خوب بود",
    "comment": "کیفیت خوبی داشت اما قیمت کمی بالا بود.",
    "is_approved": true,
    "created_at": "2026-02-07T20:03:49.105Z"
  }
},
{
  "model": "Products_Module.productreview",
  "pk": 133,
  "fields": {
    "product": 46,
    "name": "رضا کریمی",
    "email": "reza@example.com",
    "rating": 5,
    "title": "فوق العاده",
    "comment": "بهترین خریدی که تا حالا داشتم. ممنون از فروشگاه.",
    "is_approved": true,
    "created_at": "2026-02-07T20:03:49.110Z"
  }
},
{
  "model": "Products_Module.productreview",
  "pk": 134,
  "fields": {
    "product": 47,
    "name": "علی احمدی",
    "email": "ali@example.com",
    "rating": 5,
    "title": "عالی بود",
    "comment": "محصول بسیار با کیفیت و ارسال سریع. پیشنهاد می‌کنم.",
    "is_approved": true,
    "created_at": "2026-02-07T20:03:49.114Z"
  }
},
{
  "model": "Products_Module.productreview",
  "pk": 135,
  "fields": {
    "product": 47,
    "name": "سارا محمدی",
    "email": "sara@example.com",
    "rating": 4,
    "title": "خوب بود",
    "comment": "کیفیت خوبی داشت اما قیمت کمی بالا بود.",
    "is_approved": true,
    "created_at": "2026-02-07T20:03:49.117Z"
  }
},
{
  "model": "Products_Module.productreview",
  "pk": 136,
  "fields": {
    "product": 47,
    "name": "رضا کریمی",
    "email": "reza@example.com",
    "rating": 5,
    "title": "فوق العاده",
    "comment": "بهترین خریدی که تا حالا داشتم. ممنون از فروشگاه.",
    "is_approved": true,
    "created_at": "2026-02-07T20:03:49.120Z"
  }
},
{
  "model": "Products_Module.productreview",
  "pk": 137,
  "fields": {
    "product": 47,
    "name": "مریم حسینی",
    "email": "maryam@example.com",
    "rating": 4,
    "title": "راضی هستم",
    "comment": "محصول مطابق توضیحات بود. ارسال هم سریع انجام شد.",
    "is_approved": true,
    "created_at": "2026-02-07T20:03:49.123Z"
  }
},
{
  "model": "Products_Module.productreview",
  "pk": 138,
  "fields": {
    "product": 48,
    "name": "علی احمدی",
    "email": "ali@example.com",
    "rating": 5,
    "title": "عالی بود",
    "comment": "محصول بسیار با کیفیت و ارسال سریع. پیشنهاد می‌کنم.",
    "is_approved": true,
    "created_at": "2026-02-07T20:03:49.128Z"
  }
},
{
  "model": "Products_Module.productreview",
  "pk": 139,
  "fields": {
    "product": 48,
    "name": "سارا محمدی",
    "email": "sara@example.com",
    "rating": 4,
    "title": "خوب بود",
    "comment": "کیفیت خوبی داشت اما قیمت کمی بالا بود.",
    "is_approved": true,
    "created_at": "2026-02-07T20:03:49.131Z"
  }
},
{
  "model": "Products_Module.productreview",
  "pk": 140,
  "fields": {
    "product": 48,
    "name": "رضا کریمی",
    "email": "reza@example.com",
    "rating": 5,
    "title": "فوق العاده",
    "comment": "بهترین خریدی که تا حالا داشتم. ممنون از فروشگاه.",
    "is_approved": true,
    "created_at": "2026-02-07T20:03:49.134Z"
  }
},
{
  "model": "Products_Module.productreview",
  "pk": 141,
  "fields": {
    "product": 48,
    "name": "مریم حسینی",
    "email": "maryam@example.com",
    "rating": 4,
    "title": "راضی هستم",
    "comment": "محصول مطابق توضیحات بود. ارسال هم سریع انجام شد.",
    "is_approved": true,
    "created_at": "2026-02-07T20:03:49.137Z"
  }
},
{
  "model": "Products_Module.productreview",
  "pk": 142,
  "fields": {
    "product": 48,
    "name": "حسین رضایی",
    "email": "hossein@example.com",
    "rating": 5,
    "title": "بی نظیر",
    "comment": "کیفیت عالی و قیمت مناسب. حتما دوباره خرید می‌کنم.",
    "is_approved": true,
    "created_at": "2026-02-07T20:03:49.140Z"
  }
},
{
  "model": "Products_Module.productreview",
  "pk": 143,
  "fields": {
    "product": 49,
    "name": "علی احمدی",
    "email": "ali@example.com",
    "rating": 5,
    "title": "عالی بود",
    "comment": "محصول بسیار با کیفیت و ارسال سریع. پیشنهاد می‌کنم.",
    "is_approved": true,
    "created_at": "2026-02-07T20:03:49.145Z"
  }
},
{
  "model": "Products_Module.productreview",
  "pk": 144,
  "fields": {
    "product": 49,
    "name": "سارا محمدی",
    "email": "sara@example.com",
    "rating": 4,
    "title": "خوب بود",
    "comment": "کیفیت خوبی داشت اما قیمت کمی بالا بود.",
    "is_approved": true,
    "created_at": "2026-02-07T20:03:49.148Z"
  }
},
{
  "model": "Products_Module.productreview",
  "pk": 145,
  "fields": {
    "product": 50,
    "name": "علی احمدی",
    "email": "ali@example.com",
    "rating": 5,
    "title": "عالی بود",
    "comment": "محصول بسیار با کیفیت و ارسال سریع. پیشنهاد می‌کنم.",
    "is_approved": true,
    "created_at": "2026-02-07T20:03:49.151Z"
  }
},
{
  "model": "Products_Module.productreview",
  "pk": 146,
  "fields": {
    "product": 50,
    "name": "سارا محمدی",
    "email": "sara@example.com",
    "rating": 4,
    "title": "خوب بود",
    "comment": "کیفیت خوبی داشت اما قیمت کمی بالا بود.",
    "is_approved": true,
    "created_at": "2026-02-07T20:03:49.153Z"
  }
},
{
  "model": "Products_Module.productreview",
  "pk": 147,
  "fields": {
    "product": 50,
    "name": "رضا کریمی",
    "email": "reza@example.com",
    "rating": 5,
    "title": "فوق العاده",
    "comment": "بهترین خریدی که تا حالا داشتم. ممنون از فروشگاه.",
    "is_approved": true,
    "created_at": "2026-02-07T20:03:49.156Z"
  }
},
{
  "model": "Products_Module.productreview",
  "pk": 148,
  "fields": {
    "product": 51,
    "name": "علی احمدی",
    "email": "ali@example.com",
    "rating": 5,
    "title": "عالی بود",
    "comment": "محصول بسیار با کیفیت و ارسال سریع. پیشنهاد می‌کنم.",
    "is_approved": true,
    "created_at": "2026-02-07T20:03:49.161Z"
  }
},
{
  "model": "Products_Module.productreview",
  "pk": 149,
  "fields": {
    "product": 51,
    "name": "سارا محمدی",
    "email": "sara@example.com",
    "rating": 4,
    "title": "خوب بود",
    "comment": "کیفیت خوبی داشت اما قیمت کمی بالا بود.",
    "is_approved": true,
    "created_at": "2026-02-07T20:03:49.164Z"
  }
},
{
  "model": "Products_Module.productreview",
  "pk": 150,
  "fields": {
    "product": 51,
    "name": "رضا کریمی",
    "email": "reza@example.com",
    "rating": 5,
    "title": "فوق العاده",
    "comment": "بهترین خریدی که تا حالا داشتم. ممنون از فروشگاه.",
    "is_approved": true,
    "created_at": "2026-02-07T20:03:49.168Z"
  }
},
{
  "model": "Products_Module.productreview",
  "pk": 151,
  "fields": {
    "product": 51,
    "name": "مریم حسینی",
    "email": "maryam@example.com",
    "rating": 4,
    "title": "راضی هستم",
    "comment": "محصول مطابق توضیحات بود. ارسال هم سریع انجام شد.",
    "is_approved": true,
    "created_at": "2026-02-07T20:03:49.171Z"
  }
},
{
  "model": "Products_Module.productreview",
  "pk": 152,
  "fields": {
    "product": 52,
    "name": "علی احمدی",
    "email": "ali@example.com",
    "rating": 5,
    "title": "عالی بود",
    "comment": "محصول بسیار با کیفیت و ارسال سریع. پیشنهاد می‌کنم.",
    "is_approved": true,
    "created_at": "2026-02-07T20:03:49.175Z"
  }
},
{
  "model": "Products_Module.productreview",
  "pk": 153,
  "fields": {
    "product": 52,
    "name": "سارا محمدی",
    "email": "sara@example.com",
    "rating": 4,
    "title": "خوب بود",
    "comment": "کیفیت خوبی داشت اما قیمت کمی بالا بود.",
    "is_approved": true,
    "created_at": "2026-02-07T20:03:49.179Z"
  }
},
{
  "model": "Products_Module.productreview",
  "pk": 154,
  "fields": {
    "product": 52,
    "name": "رضا کریمی",
    "email": "reza@example.com",
    "rating": 5,
    "title": "فوق العاده",
    "comment": "بهترین خریدی که تا حالا داشتم. ممنون از فروشگاه.",
    "is_approved": true,
    "created_at": "2026-02-07T20:03:49.183Z"
  }
},
{
  "model": "Products_Module.productreview",
  "pk": 155,
  "fields": {
    "product": 52,
    "name": "مریم حسینی",
    "email": "maryam@example.com",
    "rating": 4,
    "title": "راضی هستم",
    "comment": "محصول مطابق توضیحات بود. ارسال هم سریع انجام شد.",
    "is_approved": true,
    "created_at": "2026-02-07T20:03:49.186Z"
  }
},
{
  "model": "Products_Module.productreview",
  "pk": 156,
  "fields": {
    "product": 52,
    "name": "حسین رضایی",
    "email": "hossein@example.com",
    "rating": 5,
    "title": "بی نظیر",
    "comment": "کیفیت عالی و قیمت مناسب. حتما دوباره خرید می‌کنم.",
    "is_approved": true,
    "created_at": "2026-02-07T20:03:49.189Z"
  }
},
{
  "model": "Products_Module.productreview",
  "pk": 157,
  "fields": {
    "product": 53,
    "name": "علی احمدی",
    "email": "ali@example.com",
    "rating": 5,
    "title": "عالی بود",
    "comment": "محصول بسیار با کیفیت و ارسال سریع. پیشنهاد می‌کنم.",
    "is_approved": true,
    "created_at": "2026-02-07T20:03:49.194Z"
  }
},
{
  "model": "Products_Module.productreview",
  "pk": 158,
  "fields": {
    "product": 53,
    "name": "سارا محمدی",
    "email": "sara@example.com",
    "rating": 4,
    "title": "خوب بود",
    "comment": "کیفیت خوبی داشت اما قیمت کمی بالا بود.",
    "is_approved": true,
    "created_at": "2026-02-07T20:03:49.198Z"
  }
},
{
  "model": "Products_Module.productreview",
  "pk": 159,
  "fields": {
    "product": 54,
    "name": "علی احمدی",
    "email": "ali@example.com",
    "rating": 5,
    "title": "عالی بود",
    "comment": "محصول بسیار با کیفیت و ارسال سریع. پیشنهاد می‌کنم.",
    "is_approved": true,
    "created_at": "2026-02-07T20:03:49.201Z"
  }
},
{
  "model": "Products_Module.productreview",
  "pk": 160,
  "fields": {
    "product": 54,
    "name": "سارا محمدی",
    "email": "sara@example.com",
    "rating": 4,
    "title": "خوب بود",
    "comment": "کیفیت خوبی داشت اما قیمت کمی بالا بود.",
    "is_approved": true,
    "created_at": "2026-02-07T20:03:49.204Z"
  }
},
{
  "model": "Products_Module.productreview",
  "pk": 161,
  "fields": {
    "product": 54,
    "name": "رضا کریمی",
    "email": "reza@example.com",
    "rating": 5,
    "title": "فوق العاده",
    "comment": "بهترین خریدی که تا حالا داشتم. ممنون از فروشگاه.",
    "is_approved": true,
    "created_at": "2026-02-07T20:03:49.210Z"
  }
},
{
  "model": "Products_Module.productreview",
  "pk": 162,
  "fields": {
    "product": 55,
    "name": "علی احمدی",
    "email": "ali@example.com",
    "rating": 5,
    "title": "عالی بود",
    "comment": "محصول بسیار با کیفیت و ارسال سریع. پیشنهاد می‌کنم.",
    "is_approved": true,
    "created_at": "2026-02-07T20:03:49.214Z"
  }
},
{
  "model": "Products_Module.productreview",
  "pk": 163,
  "fields": {
    "product": 55,
    "name": "سارا محمدی",
    "email": "sara@example.com",
    "rating": 4,
    "title": "خوب بود",
    "comment": "کیفیت خوبی داشت اما قیمت کمی بالا بود.",
    "is_approved": true,
    "created_at": "2026-02-07T20:03:49.217Z"
  }
},
{
  "model": "Products_Module.productreview",
  "pk": 164,
  "fields": {
    "product": 55,
    "name": "رضا کریمی",
    "email": "reza@example.com",
    "rating": 5,
    "title": "فوق العاده",
    "comment": "بهترین خریدی که تا حالا داشتم. ممنون از فروشگاه.",
    "is_approved": true,
    "created_at": "2026-02-07T20:03:49.221Z"
  }
},
{
  "model": "Products_Module.productreview",
  "pk": 165,
  "fields": {
    "product": 55,
    "name": "مریم حسینی",
    "email": "maryam@example.com",
    "rating": 4,
    "title": "راضی هستم",
    "comment": "محصول مطابق توضیحات بود. ارسال هم سریع انجام شد.",
    "is_approved": true,
    "created_at": "2026-02-07T20:03:49.225Z"
  }
},
{
  "model": "Products_Module.productreview",
  "pk": 166,
  "fields": {
    "product": 56,
    "name": "علی احمدی",
    "email": "ali@example.com",
    "rating": 5,
    "title": "عالی بود",
    "comment": "محصول بسیار با کیفیت و ارسال سریع. پیشنهاد می‌کنم.",
    "is_approved": true,
    "created_at": "2026-02-07T20:03:49.229Z"
  }
},
{
  "model": "Products_Module.productreview",
  "pk": 167,
  "fields": {
    "product": 56,
    "name": "سارا محمدی",
    "email": "sara@example.com",
    "rating": 4,
    "title": "خوب بود",
    "comment": "کیفیت خوبی داشت اما قیمت کمی بالا بود.",
    "is_approved": true,
    "created_at": "2026-02-07T20:03:49.233Z"
  }
},
{
  "model": "Products_Module.productreview",
  "pk": 168,
  "fields": {
    "product": 56,
    "name": "رضا کریمی",
    "email": "reza@example.com",
    "rating": 5,
    "title": "فوق العاده",
    "comment": "بهترین خریدی که تا حالا داشتم. ممنون از فروشگاه.",
    "is_approved": true,
    "created_at": "2026-02-07T20:03:49.236Z"
  }
},
{
  "model": "Products_Module.productreview",
  "pk": 169,
  "fields": {
    "product": 56,
    "name": "مریم حسینی",
    "email": "maryam@example.com",
    "rating": 4,
    "title": "راضی هستم",
    "comment": "محصول مطابق توضیحات بود. ارسال هم سریع انجام شد.",
    "is_approved": true,
    "created_at": "2026-02-07T20:03:49.240Z"
  }
},
{
  "model": "Products_Module.productreview",
  "pk": 170,
  "fields": {
    "product": 56,
    "name": "حسین رضایی",
    "email": "hossein@example.com",
    "rating": 5,
    "title": "بی نظیر",
    "comment": "کیفیت عالی و قیمت مناسب. حتما دوباره خرید می‌کنم.",
    "is_approved": true,
    "created_at": "2026-02-07T20:03:49.246Z"
  }
},
{
  "model": "Products_Module.productreview",
  "pk": 171,
  "fields": {
    "product": 57,
    "name": "علی احمدی",
    "email": "ali@example.com",
    "rating": 5,
    "title": "عالی بود",
    "comment": "محصول بسیار با کیفیت و ارسال سریع. پیشنهاد می‌کنم.",
    "is_approved": true,
    "created_at": "2026-02-07T20:03:49.250Z"
  }
},
{
  "model": "Products_Module.productreview",
  "pk": 172,
  "fields": {
    "product": 57,
    "name": "سارا محمدی",
    "email": "sara@example.com",
    "rating": 4,
    "title": "خوب بود",
    "comment": "کیفیت خوبی داشت اما قیمت کمی بالا بود.",
    "is_approved": true,
    "created_at": "2026-02-07T20:03:49.253Z"
  }
},
{
  "model": "Products_Module.productreview",
  "pk": 173,
  "fields": {
    "product": 58,
    "name": "علی احمدی",
    "email": "ali@example.com",
    "rating": 5,
    "title": "عالی بود",
    "comment": "محصول بسیار با کیفیت و ارسال سریع. پیشنهاد می‌کنم.",
    "is_approved": true,
    "created_at": "2026-02-07T20:03:49.256Z"
  }
},
{
  "model": "Products_Module.productreview",
  "pk": 174,
  "fields": {
    "product": 58,
    "name": "سارا محمدی",
    "email": "sara@example.com",
    "rating": 4,
    "title": "خوب بود",
    "comment": "کیفیت خوبی داشت اما قیمت کمی بالا بود.",
    "is_approved": true,
    "created_at": "2026-02-07T20:03:49.261Z"
  }
},
{
  "model": "Products_Module.productreview",
  "pk": 175,
  "fields": {
    "product": 58,
    "name": "رضا کریمی",
    "email": "reza@example.com",
    "rating": 5,
    "title": "فوق العاده",
    "comment": "بهترین خریدی که تا حالا داشتم. ممنون از فروشگاه.",
    "is_approved": true,
    "created_at": "2026-02-07T20:03:49.265Z"
  }
},
{
  "model": "Products_Module.productreview",
  "pk": 176,
  "fields": {
    "product": 59,
    "name": "علی احمدی",
    "email": "ali@example.com",
    "rating": 5,
    "title": "عالی بود",
    "comment": "محصول بسیار با کیفیت و ارسال سریع. پیشنهاد می‌کنم.",
    "is_approved": true,
    "created_at": "2026-02-07T20:03:49.268Z"
  }
},
{
  "model": "Products_Module.productreview",
  "pk": 177,
  "fields": {
    "product": 59,
    "name": "سارا محمدی",
    "email": "sara@example.com",
    "rating": 4,
    "title": "خوب بود",
    "comment": "کیفیت خوبی داشت اما قیمت کمی بالا بود.",
    "is_approved": true,
    "created_at": "2026-02-07T20:03:49.272Z"
  }
},
{
  "model": "Products_Module.productreview",
  "pk": 178,
  "fields": {
    "product": 59,
    "name": "رضا کریمی",
    "email": "reza@example.com",
    "rating": 5,
    "title": "فوق العاده",
    "comment": "بهترین خریدی که تا حالا داشتم. ممنون از فروشگاه.",
    "is_approved": true,
    "created_at": "2026-02-07T20:03:49.277Z"
  }
},
{
  "model": "Products_Module.productreview",
  "pk": 179,
  "fields": {
    "product": 59,
    "name": "مریم حسینی",
    "email": "maryam@example.com",
    "rating": 4,
    "title": "راضی هستم",
    "comment": "محصول مطابق توضیحات بود. ارسال هم سریع انجام شد.",
    "is_approved": true,
    "created_at": "2026-02-07T20:03:49.282Z"
  }
},
{
  "model": "Products_Module.productreview",
  "pk": 180,
  "fields": {
    "product": 60,
    "name": "علی احمدی",
    "email": "ali@example.com",
    "rating": 5,
    "title": "عالی بود",
    "comment": "محصول بسیار با کیفیت و ارسال سریع. پیشنهاد می‌کنم.",
    "is_approved": true,
    "created_at": "2026-02-07T20:03:49.286Z"
  }
},
{
  "model": "Products_Module.productreview",
  "pk": 181,
  "fields": {
    "product": 60,
    "name": "سارا محمدی",
    "email": "sara@example.com",
    "rating": 4,
    "title": "خوب بود",
    "comment": "کیفیت خوبی داشت اما قیمت کمی بالا بود.",
    "is_approved": true,
    "created_at": "2026-02-07T20:03:49.289Z"
  }
},
{
  "model": "Products_Module.productreview",
  "pk": 182,
  "fields": {
    "product": 60,
    "name": "رضا کریمی",
    "email": "reza@example.com",
    "rating": 5,
    "title": "فوق العاده",
    "comment": "بهترین خریدی که تا حالا داشتم. ممنون از فروشگاه.",
    "is_approved": true,
    "created_at": "2026-02-07T20:03:49.295Z"
  }
},
{
  "model": "Products_Module.productreview",
  "pk": 183,
  "fields": {
    "product": 60,
    "name": "مریم حسینی",
    "email": "maryam@example.com",
    "rating": 4,
    "title": "راضی هستم",
    "comment": "محصول مطابق توضیحات بود. ارسال هم سریع انجام شد.",
    "is_approved": true,
    "created_at": "2026-02-07T20:03:49.298Z"
  }
},
{
  "model": "Products_Module.productreview",
  "pk": 184,
  "fields": {
    "product": 60,
    "name": "حسین رضایی",
    "email": "hossein@example.com",
    "rating": 5,
    "title": "بی نظیر",
    "comment": "کیفیت عالی و قیمت مناسب. حتما دوباره خرید می‌کنم.",
    "is_approved": true,
    "created_at": "2026-02-07T20:03:49.301Z"
  }
},
{
  "model": "Products_Module.productreview",
  "pk": 185,
  "fields": {
    "product": 38,
    "name": "آریا عبدی کامنت",
    "email": "aryaabdi13850325@gmail.com",
    "rating": 1,
    "title": "آشغال",
    "comment": "بوس",
    "is_approved": true,
    "created_at": "2026-02-08T11:16:13.332Z"
  }
},
{
  "model": "Accounts_Module.userprofile",
  "pk": 1,
  "fields": {
    "user": 2,
    "full_name": "آریا عبدی",
    "phone": "09385897313",
    "address": "۴۵ متری گلشهر،خیابان بهار غربی،کوچه ۱۰ متری بهار\r\nپلاک ۱۵،واحد ۱۳",
    "postal_code": "3198718780",
    "city": "کرج",
    "created_at": "2026-02-08T09:32:28.230Z",
    "updated_at": "2026-02-08T17:20:58.368Z"
  }
},
{
  "model": "Accounts_Module.userprofile",
  "pk": 2,
  "fields": {
    "user": 1,
    "full_name": "ادمین",
    "phone": "09385897313",
    "address": "۴۵ متری گلشهر،خیابان بهار غربی،کوچه ۱۰ متری بهار\r\nپلاک ۱۵،واحد ۱۳",
    "postal_code": "3198718780",
    "city": "کرج",
    "created_at": "2026-02-08T11:14:27.349Z",
    "updated_at": "2026-02-09T12:41:36.092Z"
  }
},
{
  "model": "Cart_Module.order",
  "pk": 1,
  "fields": {
    "user": 2,
    "order_number": "ORD-20260208-6119",
    "status": "pending",
    "full_name": "آریا عبدی",
    "phone": "09385897313",
    "email": "aryaabdi13850325@gmail.com",
    "address": "۴۵ متری گلشهر،خیابان بهار غربی،کوچه ۱۰ متری بهار\r\nپلاک ۱۵،واحد ۱۳",
    "postal_code": "3198718780",
    "city": "کرج",
    "total": "3530000",
    "shipping_cost": "0",
    "tax": "0",
    "created_at": "2026-02-08T11:02:44.744Z",
    "updated_at": "2026-02-08T11:02:44.745Z"
  }
},
{
  "model": "Cart_Module.order",
  "pk": 2,
  "fields": {
    "user": 2,
    "order_number": "ORD-20260208-1568",
    "status": "paid",
    "full_name": "آریا عبدی",
    "phone": "09385897313",
    "email": "aryaabdi13850325@gmail.com",
    "address": "۴۵ متری گلشهر،خیابان بهار غربی،کوچه ۱۰ متری بهار\r\nپلاک ۱۵،واحد ۱۳",
    "postal_code": "3198718780",
    "city": "کرج",
    "total": "7450000",
    "shipping_cost": "0",
    "tax": "0",
    "created_at": "2026-02-08T17:21:41.538Z",
    "updated_at": "2026-02-08T18:01:02.149Z"
  }
},
{
  "model": "Cart_Module.order",
  "pk": 3,
  "fields": {
    "user": 2,
    "order_number": "ORD-20260208-3742",
    "status": "paid",
    "full_name": "آریا عبدی",
    "phone": "09385897313",
    "email": "aryaabdi13850325@gmail.com",
    "address": "۴۵ متری گلشهر،خیابان بهار غربی،کوچه ۱۰ متری بهار\r\nپلاک ۱۵،واحد ۱۳",
    "postal_code": "3198718780",
    "city": "کرج",
    "total": "9000000",
    "shipping_cost": "0",
    "tax": "0",
    "created_at": "2026-02-08T18:00:12.002Z",
    "updated_at": "2026-02-08T18:00:21.456Z"
  }
},
{
  "model": "Cart_Module.order",
  "pk": 4,
  "fields": {
    "user": 2,
    "order_number": "ORD-20260209-5946",
    "status": "paid",
    "full_name": "آریا عبدی",
    "phone": "09385897313",
    "email": "aryaabdi13850325@gmail.com",
    "address": "۴۵ متری گلشهر،خیابان بهار غربی،کوچه ۱۰ متری بهار\r\nپلاک ۱۵،واحد ۱۳",
    "postal_code": "3198718780",
    "city": "کرج",
    "total": "780000",
    "shipping_cost": "0",
    "tax": "0",
    "created_at": "2026-02-09T11:43:18.854Z",
    "updated_at": "2026-02-09T11:43:25.414Z"
  }
},
{
  "model": "Cart_Module.order",
  "pk": 5,
  "fields": {
    "user": 2,
    "order_number": "ORD-20260209-8134",
    "status": "paid",
    "full_name": "آریا عبدی",
    "phone": "09385897313",
    "email": "aryaabdi13850325@gmail.com",
    "address": "۴۵ متری گلشهر،خیابان بهار غربی،کوچه ۱۰ متری بهار\r\nپلاک ۱۵،واحد ۱۳",
    "postal_code": "3198718780",
    "city": "کرج",
    "total": "2550000",
    "shipping_cost": "0",
    "tax": "0",
    "created_at": "2026-02-09T12:37:54.931Z",
    "updated_at": "2026-02-09T12:37:57.355Z"
  }
},
{
  "model": "Cart_Module.order",
  "pk": 6,
  "fields": {
    "user": 1,
    "order_number": "ORD-20260209-9165",
    "status": "paid",
    "full_name": "ادمین",
    "phone": "09385897313",
    "email": "Admin@gmail.com",
    "address": "۴۵ متری گلشهر،خیابان بهار غربی،کوچه ۱۰ متری بهار\r\nپلاک ۱۵،واحد ۱۳",
    "postal_code": "3198718780",
    "city": "کرج",
    "total": "840000",
    "shipping_cost": "0",
    "tax": "0",
    "created_at": "2026-02-09T12:41:41.747Z",
    "updated_at": "2026-02-09T12:41:45.278Z"
  }
},
{
  "model": "Cart_Module.order",
  "pk": 7,
  "fields": {
    "user": 2,
    "order_number": "ORD-20260209-4781",
    "status": "paid",
    "full_name": "آریا عبدی",
    "phone": "09385897313",
    "email": "aryaabdi13850325@gmail.com",
    "address": "۴۵ متری گلشهر،خیابان بهار غربی،کوچه ۱۰ متری بهار\r\nپلاک ۱۵،واحد ۱۳",
    "postal_code": "3198718780",
    "city": "کرج",
    "total": "840000",
    "shipping_cost": "0",
    "tax": "0",
    "created_at": "2026-02-09T12:53:29.775Z",
    "updated_at": "2026-02-09T12:53:31.915Z"
  }
},
{
  "model": "Cart_Module.orderitem",
  "pk": 1,
  "fields": {
    "order": 1,
    "product": 54,
    "product_name": "عینک آفتابی اسپرت",
    "quantity": 1,
    "price": "980000",
    "total": "980000"
  }
},
{
  "model": "Cart_Module.orderitem",
  "pk": 2,
  "fields": {
    "order": 1,
    "product": 39,
    "product_name": "شلوار جین مردانه آبی تیره",
    "quantity": 3,
    "price": "850000",
    "total": "2550000"
  }
},
{
  "model": "Cart_Module.orderitem",
  "pk": 3,
  "fields": {
    "order": 2,
    "product": 37,
    "product_name": "تی شرت مردانه نایک اسپرت",
    "quantity": 1,
    "price": "450000",
    "total": "450000"
  }
},
{
  "model": "Cart_Module.orderitem",
  "pk": 4,
  "fields": {
    "order": 2,
    "product": 45,
    "product_name": "کفش ورزشی آدیداس اولترا بوست",
    "quantity": 1,
    "price": "2500000",
    "total": "2500000"
  }
},
{
  "model": "Cart_Module.orderitem",
  "pk": 5,
  "fields": {
    "order": 2,
    "product": 58,
    "product_name": "کمربند چرم مردانه",
    "quantity": 3,
    "price": "1500000",
    "total": "4500000"
  }
},
{
  "model": "Cart_Module.orderitem",
  "pk": 6,
  "fields": {
    "order": 3,
    "product": 58,
    "product_name": "کمربند چرم مردانه",
    "quantity": 6,
    "price": "1500000",
    "total": "9000000"
  }
},
{
  "model": "Cart_Module.orderitem",
  "pk": 7,
  "fields": {
    "order": 4,
    "product": 38,
    "product_name": "پیراهن مردانه آستین بلند زارا",
    "quantity": 1,
    "price": "780000",
    "total": "780000"
  }
},
{
  "model": "Cart_Module.orderitem",
  "pk": 8,
  "fields": {
    "order": 5,
    "product": 39,
    "product_name": "شلوار جین مردانه آبی تیره",
    "quantity": 3,
    "price": "850000",
    "total": "2550000"
  }
},
{
  "model": "Cart_Module.orderitem",
  "pk": 9,
  "fields": {
    "order": 6,
    "product": 60,
    "product_name": "شال گردن زنانه",
    "quantity": 2,
    "price": "420000",
    "total": "840000"
  }
},
{
  "model": "Cart_Module.orderitem",
  "pk": 10,
  "fields": {
    "order": 7,
    "product": 60,
    "product_name": "شال گردن زنانه",
    "quantity": 2,
    "price": "420000",
    "total": "840000"
  }
}
]
